time/time_elapsed,time/fps,time/total_timesteps,time/episodes,eval/mean_ep_length,eval/mean_reward,train/critic_loss,train/ent_coef_loss,train/n_updates,train/ent_coef,train/learning_rate,train/actor_loss
0,1209,17,4,,,,,,,,
0,1541,37,8,,,,,,,,
0,1885,66,12,,,,,,,,
0,2084,94,16,,,,,,,,
,,100,,6.2,-3.8547778999999998,,,,,,
0,702,122,20,,,,,,,,
0,790,146,24,,,,,,,,
0,872,175,28,,,,,,,,
0,944,199,32,,,,,,,,
,,200,,6.6,-3.5388408,,,,,,
0,711,223,36,,,,,,,,
0,741,239,40,,,,,,,,
0,788,262,44,,,,,,,,
0,859,296,48,,,,,,,,
,,300,,7.4,-4.655179199999999,,,,,,
0,754,319,52,,,,,,,,
0,800,348,56,,,,,,,,
0,815,360,60,,,,,,,,
0,854,387,64,,,,,,,,
,,400,,7.7,-5.121999100000001,,,,,,
0,767,407,68,,,,,,,,
0,799,432,72,,,,,,,,
0,838,464,76,,,,,,,,
0,863,486,80,,,,,,,,
,,500,,8.2,-4.7587519,,,,,,
0,783,520,84,,,,,,,,
0,801,539,88,,,,,,,,
0,815,557,92,,,,,,,,
0,846,588,96,,,,,,,,
,,600,,7.5,-4.5702495999999995,,,,,,
0,790,615,100,,,,,,,,
0,823,651,104,,,,,,,,
0,850,684,108,,,,,,,,
,,700,,8.2,-5.824754499999999,,,,,,
0,804,717,112,,,,,,,,
0,833,752,116,,,,,,,,
0,854,782,120,,,,,,,,
,,800,,8.2,-5.354189799999999,,,,,,
0,813,812,124,,,,,,,,
1,833,845,128,,,,,,,,
1,845,864,132,,,,,,,,
1,863,892,136,,,,,,,,
,,900,,6.6,-4.894129800000001,,,,,,
1,829,918,140,,,,,,,,
1,839,936,144,,,,,,,,
1,855,964,148,,,,,,,,
1,872,993,152,,,,,,,,
,,1000,,8.0,-5.390967699999999,,,,,,
1,829,1011,156,,,,,,,,
1,836,1027,160,,,,,,,,
1,852,1056,164,,,,,,,,
1,867,1085,168,,,,,,,,
,,1100,,8.2,-5.5562042,,,,,,
1,830,1110,172,,,,,,,,
1,836,1125,176,,,,,,,,
1,843,1141,180,,,,,,,,
1,854,1165,184,,,,,,,,
1,859,1180,188,,,,,,,,
,,1200,,7.4,-3.8960822,,,,,,
1,834,1210,192,,,,,,,,
1,844,1235,196,,,,,,,,
1,853,1263,200,,,,,,,,
1,862,1284,204,,,,,,,,
,,1300,,8.2,-6.5340365999999985,,,,,,
1,831,1314,208,,,,,,,,
1,844,1345,212,,,,,,,,
1,853,1368,216,,,,,,,,
1,856,1379,220,,,,,,,,
,,1400,,7.4,-4.257902800000001,,,,,,
1,835,1415,224,,,,,,,,
1,848,1449,228,,,,,,,,
1,860,1480,232,,,,,,,,
,,1500,,6.7,-4.2378124,,,,,,
1,834,1502,236,,,,,,,,
1,843,1525,240,,,,,,,,
1,851,1549,244,,,,,,,,
1,862,1578,248,,,,,,,,
,,1600,,8.2,-5.157363699999999,,,,,,
1,837,1614,252,,,,,,,,
1,841,1631,256,,,,,,,,
1,849,1654,260,,,,,,,,
1,856,1677,264,,,,,,,,
,,1700,,9.0,-6.8162325,,,,,,
2,837,1713,268,,,,,,,,
2,846,1743,272,,,,,,,,
2,851,1761,276,,,,,,,,
2,859,1787,280,,,,,,,,
,,1800,,7.4,-5.3730407,,,,,,
2,842,1816,284,,,,,,,,
2,851,1847,288,,,,,,,,
2,861,1879,292,,,,,,,,
,,1900,,8.2,-5.4821377,,,,,,
2,843,1910,296,,,,,,,,
2,847,1927,300,,,,,,,,
2,856,1958,304,,,,,,,,
2,867,1994,308,,,,,,,,
,,2000,,8.0,-4.5056098,,,,,,
2,845,2013,312,,,,,,,,
2,849,2029,316,,,,,,,,
2,858,2061,320,,,,,,,,
2,862,2078,324,,,,,,,,
,,2100,,7.2,-3.8498849,,,,,,
2,847,2114,328,,,,,,,,
2,852,2135,332,,,,,,,,
2,853,2144,336,,,,,,,,
2,861,2175,340,,,,,,,,
2,868,2199,344,,,,,,,,
,,2200,,8.2,-4.661198499999999,,,,,,
2,850,2227,348,,,,,,,,
2,856,2250,352,,,,,,,,
2,863,2278,356,,,,,,,,
,,2300,,8.2,-4.345851,,,,,,
2,844,2303,360,,,,,,,,
2,849,2326,364,,,,,,,,
2,855,2350,368,,,,,,,,
2,861,2375,372,,,,,,,,
2,866,2396,376,,,,,,,,
,,2400,,6.6,-3.5814637000000005,,,,,,
2,854,2432,380,,,,,,,,
2,860,2457,384,,,,,,,,
2,867,2487,388,,,,,,,,
,,2500,,6.4,-4.0097901,,,,,,
2,856,2517,392,,,,,,,,
2,862,2544,396,,,,,,,,
2,867,2569,400,,,,,,,,
2,873,2594,404,,,,,,,,
,,2600,,8.2,-5.7193556999999995,,,,,,
3,855,2608,408,,,,,,,,
3,859,2629,412,,,,,,,,
3,865,2655,416,,,,,,,,
3,869,2679,420,,,,,,,,
,,2700,,8.3,-5.5764445,,,,,,
3,854,2700,424,,,,,,,,
3,857,2717,428,,,,,,,,
3,862,2746,432,,,,,,,,
3,868,2771,436,,,,,,,,
,,2800,,8.2,-5.218242999999999,,,,,,
3,855,2801,440,,,,,,,,
3,859,2820,444,,,,,,,,
3,864,2847,448,,,,,,,,
3,871,2883,452,,,,,,,,
,,2900,,6.1,-2.8361057,,,,,,
3,860,2909,456,,,,,,,,
3,864,2932,460,,,,,,,,
3,868,2953,464,,,,,,,,
3,873,2982,468,,,,,,,,
,,3000,,7.4,-5.0121177,,,,,,
3,829,3005,472,,,11.989969253540039,-0.0022167526185512543,4,0.9997009634971619,9.969854320719498e-05,-4.3924078941345215
3,787,3025,476,,,12.51537799835205,-0.017638567835092545,24,0.9977040886878967,9.969653921964912e-05,-4.771720886230469
4,739,3050,480,,,13.996224403381348,-0.03911586105823517,49,0.9951826333999634,9.969403429186199e-05,-5.448807716369629
4,705,3072,484,,,19.474515914916992,-0.06401629745960236,71,0.9928975701332092,9.969183000747137e-05,-6.879711151123047
,,3100,,6.8,-4.6625469,29.554973602294922,-0.11940230429172516,99,0.9897357225418091,9.9689024625099e-05,-11.067136764526367
4,657,3100,488,,,,,,,,
5,622,3131,492,,,23.772918701171875,-0.1865992248058319,130,0.9857990741729736,9.96859187581295e-05,-16.21975326538086
5,587,3164,496,,,17.55512809753418,-0.24468475580215454,163,0.9816523790359497,9.968261261897653e-05,-17.544025421142578
5,570,3183,500,,,16.921295166015625,-0.2752285897731781,182,0.9793724417686462,9.968070913405312e-05,-17.963031768798828
,,3200,,9.0,-7.231489999999999,15.226146697998047,-0.304757684469223,199,0.9773863554000854,9.967900604677393e-05,-18.54257583618164
5,541,3212,504,,,16.60696792602539,-0.3222588896751404,211,0.9760096073150635,9.967780388503723e-05,-18.54757308959961
6,520,3241,508,,,15.318625450134277,-0.37016618251800537,240,0.9727519750595093,9.967489872069644e-05,-19.476917266845703
6,499,3277,512,,,15.970843315124512,-0.4179072976112366,276,0.9688097834587097,9.967129242758695e-05,-19.663543701171875
,,3300,,8.2,-5.9562398000000005,14.150007247924805,-0.45018985867500305,299,0.9663441181182861,9.9668988475299e-05,-20.28545379638672
6,477,3307,516,,,14.979740142822266,-0.46433699131011963,306,0.965599775314331,9.96682872829997e-05,-20.385425567626953
7,462,3339,520,,,17.891887664794922,-0.5087337493896484,338,0.9622288942337036,9.966508189530869e-05,-21.096940994262695
7,447,3375,524,,,17.25293731689453,-0.5661273002624512,374,0.9584875106811523,9.966147595737739e-05,-21.81269073486328
,,3400,,8.2,-5.296747699999999,20.54851531982422,-0.595575213432312,399,0.9559224843978882,9.965897191057309e-05,-22.152694702148438
7,431,3403,528,,,19.49877166748047,-0.6036826968193054,402,0.955616295337677,9.965867142918452e-05,-22.504261016845703
8,418,3439,532,,,22.84804916381836,-0.6537886261940002,438,0.9519637227058411,9.965506572318744e-05,-23.355749130249023
8,406,3475,536,,,19.96923828125,-0.7014620304107666,474,0.9483498334884644,9.96514601476468e-05,-24.050487518310547
,,3500,,8.2,-5.9527293,28.084102630615234,-0.7411074042320251,499,0.9458613991737366,9.964895635249498e-05,-24.722370147705078
8,392,3511,540,,,22.270523071289062,-0.7584072351455688,510,0.9447702765464783,9.964785470255789e-05,-25.006942749023438
9,382,3547,544,,,25.663219451904297,-0.8066018223762512,546,0.9412206411361694,9.964424938791597e-05,-25.769424438476562
9,372,3583,548,,,26.72882843017578,-0.8523184061050415,582,0.9376988410949707,9.964064420371633e-05,-26.47056770324707
,,3600,,9.0,-5.8244176,28.133121490478516,-0.8744871616363525,599,0.9360458850860596,9.96389418009635e-05,-26.473953247070312
9,364,3603,552,,,34.77821350097656,-0.8851052522659302,602,0.9357547163963318,9.963864137996763e-05,-26.391494750976562
10,359,3623,556,,,26.968109130859375,-0.9072713851928711,622,0.9338151812553406,9.963663859647664e-05,-27.13526725769043
10,352,3652,560,,,34.47113800048828,-0.9469599723815918,651,0.9310190081596375,9.963373463192078e-05,-28.063617706298828
10,344,3688,564,,,35.876708984375,-0.9931653738021851,687,0.9275669455528259,9.963012982815085e-05,-27.937807083129883
,,3700,,8.2,-5.666470599999999,36.78551483154297,-1.0082744359970093,699,0.9264220595359802,9.962892825587751e-05,-29.147911071777344
11,335,3724,568,,,35.50469207763672,-1.051008701324463,723,0.9241392016410828,9.962652515480472e-05,-29.200292587280273
11,327,3760,572,,,35.85179138183594,-1.0931274890899658,759,0.9207290410995483,9.962292061187767e-05,-29.941558837890625
11,319,3796,576,,,46.437103271484375,-1.1423285007476807,795,0.9173381328582764,9.961931619936499e-05,-31.16827392578125
,,3800,,9.0,-6.4520290000000005,46.68597412109375,-1.1509807109832764,799,0.9169626832008362,9.961891571713586e-05,-31.22626495361328
12,309,3832,580,,,44.24015808105469,-1.1899173259735107,831,0.9139680862426758,9.961571191726195e-05,-31.69943618774414
12,304,3861,584,,,45.09912109375,-1.2350842952728271,860,0.9112647771835327,9.961280856262563e-05,-31.89741325378418
13,297,3897,588,,,40.58800506591797,-1.271838665008545,896,0.907924234867096,9.96092045159725e-05,-32.34601593017578
,,3900,,9.0,-6.5898978,45.748939514160156,-1.2939143180847168,899,0.9076467752456665,9.960890418463741e-05,-32.78291320800781
13,290,3933,592,,,59.71098709106445,-1.327133297920227,932,0.9046005606651306,9.960560059971576e-05,-33.0890007019043
13,286,3961,596,,,56.06804275512695,-1.3624329566955566,960,0.9020276069641113,9.960279764388589e-05,-33.391483306884766
14,282,3989,600,,,57.32612991333008,-1.4111080169677734,988,0.8994672894477844,9.959999476693272e-05,-34.68696594238281
,,4000,,9.0,-7.593646,63.40485763549805,-1.4210612773895264,999,0.8984638452529907,9.959889365828106e-05,-33.7988166809082
14,277,4017,604,,,57.642601013183594,-1.4350769519805908,1016,0.89691561460495,9.959719196885404e-05,-34.17406463623047
14,272,4053,608,,,70.32147216796875,-1.4890646934509277,1052,0.8936476707458496,9.959358848721792e-05,-34.77011489868164
15,268,4089,612,,,50.90837097167969,-1.5390090942382812,1088,0.8903959393501282,9.958998513595777e-05,-34.86030960083008
,,4100,,8.2,-6.0747286,65.76688385009766,-1.543208122253418,1099,0.8894051909446716,9.958888413796565e-05,-35.759300231933594
15,262,4125,616,,,49.12641525268555,-1.594088077545166,1124,0.8871588110923767,9.958638191506886e-05,-35.802677154541016
16,258,4161,620,,,75.7327880859375,-1.6436141729354858,1160,0.8839324712753296,9.958277882454649e-05,-35.41064453125
16,255,4189,624,,,58.894935607910156,-1.6785180568695068,1188,0.881434977054596,9.957997651093379e-05,-37.180419921875
,,4200,,8.2,-6.2506057,58.700401306152344,-1.6962565183639526,1199,0.8804565668106079,9.957887562359012e-05,-36.0626335144043
16,251,4217,628,,,66.8544921875,-1.701711654663086,1216,0.8789477944374084,9.957717427617972e-05,-37.818965911865234
17,248,4253,632,,,61.52080154418945,-1.7575117349624634,1252,0.8757603764533997,9.957357151879483e-05,-36.35371398925781
17,246,4273,636,,,84.674560546875,-1.7755846977233887,1272,0.8739960789680481,9.95715700432386e-05,-37.747413635253906
,,4300,,9.0,-5.720492299999999,81.99480438232422,-1.814449667930603,1299,0.871620237827301,9.956886811505333e-05,-37.7578125
17,242,4301,640,,,63.88276290893555,-1.828518271446228,1300,0.8715323805809021,9.956876804504711e-05,-37.09162902832031
18,239,4337,644,,,77.35493469238281,-1.8657852411270142,1336,0.8683767914772034,9.956516559180432e-05,-39.076480865478516
18,237,4373,648,,,78.35566711425781,-1.9197087287902832,1372,0.8652336001396179,9.956156326890029e-05,-38.53924560546875
,,4400,,8.2,-5.909757600000001,100.02920532226562,-1.9706501960754395,1399,0.8628847002983093,9.955886161225424e-05,-38.689422607421875
18,233,4409,652,,,79.73355102539062,-1.9605605602264404,1408,0.8621036410331726,9.955796107633029e-05,-38.856292724609375
19,231,4445,656,,,77.6944808959961,-2.011324882507324,1444,0.8589871525764465,9.955435901408963e-05,-38.86273193359375
19,228,4473,660,,,62.2580680847168,-2.0511860847473145,1472,0.8565730452537537,9.955155750022587e-05,-38.024593353271484
,,4500,,8.2,-5.7120641,86.11656188964844,-2.081388473510742,1499,0.8542519211769104,9.954885611509173e-05,-40.05430603027344
20,224,4509,664,,,51.21358108520508,-2.0938754081726074,1508,0.8534804582595825,9.954795566967014e-05,-38.90981674194336
20,222,4545,668,,,67.4024887084961,-2.1520683765411377,1544,0.8504036068916321,9.954435396943062e-05,-38.799232482910156
20,220,4581,672,,,59.153499603271484,-2.218940496444702,1580,0.8473359942436218,9.954075239950263e-05,-40.269927978515625
,,4600,,8.2,-5.5868454,60.40275573730469,-2.2082056999206543,1599,0.8457217216491699,9.953885162346478e-05,-38.80823516845703
21,217,4617,676,,,109.18655395507812,-2.2392449378967285,1616,0.8442826867103577,9.953715095988144e-05,-40.148502349853516
21,215,4653,680,,,77.87068176269531,-2.299990653991699,1652,0.841240644454956,9.953354965056231e-05,-40.3519172668457
21,213,4681,684,,,86.65658569335938,-2.3313374519348145,1680,0.8388808965682983,9.953074872228539e-05,-38.71529769897461
,,4700,,9.0,-6.9013969,81.26324462890625,-2.3719139099121094,1699,0.8372842073440552,9.95288481372723e-05,-38.98568344116211
22,211,4709,688,,,76.42208862304688,-2.345484733581543,1708,0.8365281224250793,9.952794787282809e-05,-39.12507247924805
22,208,4745,692,,,102.69538879394531,-2.414527177810669,1744,0.8335153460502625,9.952434689648177e-05,-40.36248779296875
23,207,4773,696,,,112.12431335449219,-2.439959764480591,1772,0.8311825394630432,9.952154622717533e-05,-41.28819274902344
,,4800,,9.0,-5.936665099999999,81.12928771972656,-2.4818673133850098,1799,0.8289365768432617,9.951884565641327e-05,-40.95346450805664
23,204,4809,700,,,78.8350830078125,-2.49251651763916,1808,0.8281890153884888,9.95179454824441e-05,-39.19300842285156
23,203,4845,704,,,73.83384704589844,-2.5496644973754883,1844,0.8252065181732178,9.951434486798982e-05,-38.88444519042969
24,202,4881,708,,,113.95451354980469,-2.5837182998657227,1880,0.8222380876541138,9.951074438380775e-05,-40.093482971191406
,,4900,,8.2,-6.2200175,74.8424072265625,-2.612468719482422,1899,0.8206766247749329,9.950884418078663e-05,-37.85475540161133
24,200,4917,712,,,115.04956817626953,-2.6576671600341797,1916,0.8192809820175171,9.950714402989319e-05,-40.767791748046875
24,199,4953,716,,,99.7822265625,-2.6661605834960938,1952,0.8163371086120605,9.950354380624145e-05,-38.82463455200195
25,198,4981,720,,,92.226806640625,-2.723724365234375,1980,0.8140577077865601,9.950074372234531e-05,-41.44648742675781
,,5000,,7.4,-6.2103276,86.74038696289062,-2.7284979820251465,1999,0.8125134110450745,9.949884371029138e-05,-41.66386413574219
25,196,5009,724,,,73.64338684082031,-2.7690601348876953,2008,0.8117831945419312,9.949794371724504e-05,-39.672813415527344
25,195,5037,728,,,112.43116760253906,-2.7926530838012695,2036,0.8095124959945679,9.949514379093846e-05,-41.276275634765625
26,194,5073,732,,,122.89795684814453,-2.8537161350250244,2072,0.8066014051437378,9.949154400146201e-05,-40.41339874267578
,,5100,,8.2,-5.726936,76.29299926757812,-2.8905892372131348,2099,0.8044295310974121,9.94888442448265e-05,-39.762107849121094
26,192,5109,736,,,110.46757507324219,-2.906466007232666,2108,0.8037060499191284,9.948794434222794e-05,-39.935157775878906
26,191,5137,740,,,76.37675476074219,-2.929629325866699,2136,0.801458477973938,9.94851446973092e-05,-39.338623046875
27,190,5157,744,,,87.51345825195312,-2.958059310913086,2156,0.7998577356338501,9.948314499917363e-05,-40.2736701965332
27,188,5193,748,,,83.19380950927734,-2.997276544570923,2192,0.7969868183135986,9.947954564382011e-05,-38.53669357299805
,,5200,,9.0,-7.124337200000001,56.57551574707031,-3.0130228996276855,2199,0.7964297533035278,9.947884578429098e-05,-39.79295349121094
27,187,5229,752,,,79.85676574707031,-3.053097724914551,2228,0.794128954410553,9.947594641869328e-05,-38.73828125
28,186,5249,756,,,103.75926971435547,-3.0811774730682373,2248,0.7925447821617126,9.947394690544742e-05,-37.84694290161133
28,185,5285,760,,,78.61161804199219,-3.1433396339416504,2284,0.7896993160247803,9.947034788288605e-05,-38.697052001953125
,,5300,,9.0,-7.219887300000001,83.03086853027344,-3.1307296752929688,2299,0.7885169982910156,9.946884832858382e-05,-37.525115966796875
28,184,5313,764,,,95.21382141113281,-3.166486978530884,2312,0.787494421005249,9.946754873314126e-05,-38.64665603637695
29,183,5341,768,,,75.74447631835938,-3.1915786266326904,2340,0.7852983474731445,9.946474966216607e-05,-38.19733428955078
29,182,5377,772,,,85.99111938476562,-3.2482845783233643,2376,0.782482385635376,9.946115097236605e-05,-38.179908752441406
,,5400,,8.2,-5.816072699999999,94.78326416015625,-3.2813267707824707,2399,0.7806878685951233,9.945885187760404e-05,-38.54413986206055
29,181,5413,776,,,126.19098663330078,-3.273362159729004,2412,0.7796768546104431,9.945755241276864e-05,-38.46800231933594
30,180,5441,780,,,87.11137390136719,-3.340623617172241,2440,0.7775033712387085,9.945475362309534e-05,-38.043392181396484
30,180,5469,784,,,58.019989013671875,-3.373600959777832,2468,0.7753329277038574,9.945195491218152e-05,-36.85551071166992
30,179,5497,788,,,74.54936218261719,-3.4077117443084717,2496,0.77317214012146,9.944915628002493e-05,-37.53840637207031
,,5500,,9.0,-6.941753800000001,91.20832824707031,-3.4111521244049072,2499,0.7729408144950867,9.944885643125069e-05,-37.972503662109375
31,178,5533,792,,,78.21697235107422,-3.45442795753479,2532,0.7704020738601685,9.944555815440214e-05,-37.195159912109375
31,177,5569,796,,,56.331092834472656,-3.514195203781128,2568,0.7676436305046082,9.94419601589615e-05,-37.148929595947266
,,5600,,8.2,-5.554739700000001,80.91172790527344,-3.5475993156433105,2599,0.7652727365493774,9.943886198942278e-05,-36.271400451660156
31,176,5605,800,,,77.51942443847656,-3.566744089126587,2604,0.7648912072181702,9.943836229369836e-05,-37.033241271972656
32,175,5641,804,,,92.98645782470703,-3.610058069229126,2640,0.7621515393257141,9.943476455860798e-05,-35.887176513671875
32,174,5677,808,,,73.39769744873047,-3.6399083137512207,2676,0.7594238519668579,9.943116695368564e-05,-36.64537811279297
,,5700,,8.2,-5.139222500000001,85.44072723388672,-3.6655797958374023,2699,0.7576857805252075,9.942886855201937e-05,-36.988407135009766
32,173,5705,812,,,100.477294921875,-3.6770267486572266,2704,0.7573087215423584,9.942836890651353e-05,-36.720767974853516
33,173,5741,816,,,101.28366088867188,-3.72755765914917,2740,0.7545995712280273,9.942477153298942e-05,-37.3323860168457
33,172,5777,820,,,91.4721908569336,-3.788433074951172,2776,0.7518965601921082,9.942117428962029e-05,-36.740150451660156
,,5800,,8.2,-4.9548349,59.21150588989258,-3.8081231117248535,2799,0.7501741647720337,9.941887611893951e-05,-36.05855941772461
33,171,5813,824,,,93.19760131835938,-3.7779979705810547,2812,0.7492028474807739,9.941757717640143e-05,-35.57218933105469
34,170,5849,828,,,82.2681884765625,-3.862457036972046,2848,0.746521532535553,9.941398019332811e-05,-36.65529251098633
34,170,5885,832,,,77.08187103271484,-3.9017558097839355,2884,0.7438482642173767,9.941038334039561e-05,-36.387840270996094
,,5900,,7.4,-3.8523511,69.19059753417969,-3.942143440246582,2899,0.7427390813827515,9.940888469008225e-05,-34.53070068359375
34,169,5921,836,,,82.11669158935547,-3.987121343612671,2920,0.7411880493164062,9.940678661759928e-05,-33.527103424072266
35,168,5949,840,,,52.58916473388672,-4.006077289581299,2948,0.7391238212585449,9.94039892565031e-05,-35.965065002441406
35,168,5985,844,,,67.33199310302734,-4.057119369506836,2984,0.736478328704834,9.940039276504826e-05,-35.24085235595703
,,6000,,8.2,-6.5240715,83.65061950683594,-4.0816450119018555,2999,0.7353793978691101,9.939889426534672e-05,-35.24938201904297
35,167,6013,848,,,64.05793762207031,-4.088940620422363,3012,0.734426736831665,9.939759558387857e-05,-34.702415466308594
36,166,6049,852,,,71.23587036132812,-4.133609294891357,3048,0.7317996025085449,9.939399932375035e-05,-34.73929214477539
36,166,6085,856,,,68.28811645507812,-4.153439521789551,3084,0.7291827201843262,9.939040319373682e-05,-35.00670623779297
,,6100,,8.2,-6.4390743,78.57151794433594,-4.225651741027832,3099,0.7280943393707275,9.938890484463195e-05,-33.987892150878906
36,165,6121,860,,,73.61404418945312,-4.2569804191589355,3120,0.7265738248825073,9.938680719383326e-05,-34.56025695800781
37,164,6157,864,,,56.900230407714844,-4.280606269836426,3156,0.7239742875099182,9.938321132403497e-05,-33.926456451416016
37,164,6185,868,,,49.89049530029297,-4.337793350219727,3184,0.7219607830047607,9.938041462636039e-05,-33.607818603515625
,,6200,,9.0,-6.912961900000001,62.97577667236328,-4.3417134284973145,3199,0.7208837866783142,9.937891642783708e-05,-33.771217346191406
37,163,6213,872,,,53.91106414794922,-4.324301242828369,3212,0.719951331615448,9.93776180073864e-05,-33.888160705566406
38,163,6241,876,,,57.86484909057617,-4.392766952514648,3240,0.7179473042488098,9.937482146711079e-05,-34.64549255371094
38,162,6277,880,,,60.13117980957031,-4.406362533569336,3276,0.7153798937797546,9.937122603096275e-05,-34.16011047363281
,,6300,,9.0,-6.449181,74.23095703125,-4.49592399597168,3299,0.7137457728385925,9.936892901486119e-05,-32.93609619140625
39,161,6313,884,,,62.35131072998047,-4.478775501251221,3312,0.712823748588562,9.936763072489958e-05,-35.46747970581055
39,160,6349,888,,,73.33006286621094,-4.537639617919922,3348,0.7102775573730469,9.936403554891657e-05,-33.160858154296875
39,160,6385,892,,,44.82093811035156,-4.619228363037109,3384,0.7077376246452332,9.936044050300901e-05,-33.676170349121094
,,6400,,7.4,-4.7788257000000005,83.15957641601562,-4.612454414367676,3399,0.7066811323165894,9.935894260560341e-05,-33.23141860961914
40,159,6413,896,,,51.63803482055664,-4.63338565826416,3412,0.7057673335075378,9.935764444611773e-05,-33.11397933959961
40,159,6441,900,,,59.91770935058594,-4.651098251342773,3440,0.7038038372993469,9.935484846790902e-05,-33.9305419921875
40,158,6477,904,,,61.492919921875,-4.71488618850708,3476,0.7012898921966553,9.935125375439516e-05,-32.67588424682617
,,6500,,5.8,-3.7025586000000006,81.34587097167969,-4.732184886932373,3499,0.6996889114379883,9.934895719996287e-05,-33.35802459716797
41,158,6513,908,,,50.40425109863281,-4.7639336585998535,3512,0.6987855434417725,9.934765917094002e-05,-33.35710144042969
41,157,6549,912,,,50.279502868652344,-4.791234970092773,3548,0.6962891221046448,9.934406471753891e-05,-32.55767822265625
41,157,6585,916,,,48.15705490112305,-4.852978706359863,3584,0.6938009858131409,9.934047039418712e-05,-33.29947280883789
,,6600,,8.2,-5.7488418,52.18110656738281,-4.872280597686768,3599,0.6927675008773804,9.93389727978387e-05,-32.231258392333984
42,156,6621,920,,,55.95921325683594,-4.863842964172363,3620,0.6913222074508667,9.933687620087993e-05,-31.882530212402344
42,155,6657,924,,,58.491302490234375,-4.917829513549805,3656,0.6888512372970581,9.933328213761266e-05,-32.711509704589844
43,155,6693,928,,,53.523406982421875,-4.980813503265381,3692,0.6863887906074524,9.932968820438059e-05,-31.25096893310547
,,6700,,8.2,-6.0874461,40.971954345703125,-4.989255905151367,3699,0.6859103441238403,9.932898939913004e-05,-32.620147705078125
43,154,6721,932,,,47.246192932128906,-5.045992851257324,3720,0.6844795346260071,9.932689301287574e-05,-31.349058151245117
43,154,6757,936,,,38.95714569091797,-5.103188514709473,3756,0.6820341348648071,9.932329931080574e-05,-30.689289093017578
44,153,6793,940,,,38.488006591796875,-5.14650297164917,3792,0.6795992255210876,9.931970573875788e-05,-30.935537338256836
,,6800,,9.0,-6.540723,47.05948257446289,-5.14324951171875,3799,0.6791266798973083,9.931900700373608e-05,-32.82974624633789
44,153,6829,944,,,52.7317008972168,-5.1485395431518555,3828,0.6771723031997681,9.931611229672745e-05,-31.002056121826172
44,152,6865,948,,,55.35226821899414,-5.20687198638916,3864,0.6747527718544006,9.931251898470974e-05,-31.357810974121094
,,6900,,9.0,-7.157444,46.049888610839844,-5.275951385498047,3899,0.672412633895874,9.930902561155596e-05,-32.398380279541016
45,152,6901,952,,,47.58544921875,-5.269773006439209,3900,0.6723458170890808,9.930892580270005e-05,-32.19635009765625
45,151,6937,956,,,60.18927001953125,-5.269070625305176,3936,0.6699446439743042,9.930533275069368e-05,-30.28842544555664
45,151,6973,960,,,53.4596061706543,-5.311023235321045,3972,0.6675527691841125,9.930173982868593e-05,-32.12303924560547
,,7000,,9.0,-6.539752099999999,50.903724670410156,-5.409986972808838,3999,0.6657649874687195,9.929904522248888e-05,-31.693965911865234
46,150,7009,964,,,62.22831726074219,-5.410613536834717,4008,0.6651703715324402,9.929814703667209e-05,-31.798717498779297
46,150,7045,968,,,48.00495910644531,-5.422505855560303,4044,0.6627964377403259,9.929455437464745e-05,-31.387489318847656
47,150,7081,972,,,44.1956672668457,-5.5238189697265625,4080,0.6604295969009399,9.929096184260732e-05,-29.866350173950195
,,7100,,9.0,-7.367590399999999,45.143070220947266,-5.528351783752441,4099,0.6591852307319641,9.9289065836434e-05,-31.240291595458984
47,149,7117,976,,,56.13526153564453,-5.584623336791992,4116,0.6580737829208374,9.928736944054699e-05,-30.938783645629883
47,149,7153,980,,,39.84042739868164,-5.552460670471191,4152,0.6557227969169617,9.928377716846175e-05,-31.195743560791016
48,149,7189,984,,,39.03507614135742,-5.630342483520508,4188,0.6533831357955933,9.928018502634692e-05,-30.39301109313965
,,7200,,8.2,-5.1380478,43.990333557128906,-5.669646263122559,4199,0.6526684761047363,9.927908745329054e-05,-29.99899673461914
48,148,7225,988,,,27.900043487548828,-5.720733642578125,4224,0.651049792766571,9.927659301419778e-05,-30.561275482177734
48,148,7261,992,,,42.31143569946289,-5.727896690368652,4260,0.6487267017364502,9.927300113200963e-05,-30.91376495361328
49,148,7297,996,,,37.10700225830078,-5.796423435211182,4296,0.6464127898216248,9.926940937977777e-05,-30.833759307861328
,,7300,,8.2,-4.530915,39.40313720703125,-5.813505172729492,4299,0.6462202668190002,9.926911007295772e-05,-30.375308990478516
49,147,7325,1000,,,58.321678161621094,-5.806600570678711,4324,0.6446162462234497,9.926661588455185e-05,-30.098777770996094
49,147,7345,1004,,,41.02904510498047,-5.873795509338379,4344,0.6433377861976624,9.926462057894806e-05,-30.54227066040039
50,147,7381,1008,,,51.74956512451172,-5.909796714782715,4380,0.6410413384437561,9.926102912992925e-05,-29.985645294189453
,,7400,,9.0,-5.4210906,51.12580490112305,-5.939453601837158,4399,0.6398322582244873,9.925913369533473e-05,-29.286842346191406
50,146,7417,1012,,,52.65199279785156,-5.963744163513184,4416,0.6387535929679871,9.925743781085106e-05,-30.759239196777344
50,146,7445,1016,,,47.0960693359375,-6.024317264556885,4444,0.6369811296463013,9.925464465251162e-05,-30.303030014038086
51,146,7481,1020,,,41.92814636230469,-6.034608840942383,4480,0.6347079277038574,9.925105356442736e-05,-28.337373733520508
,,7500,,9.0,-6.994671899999998,44.97191619873047,-6.030971527099609,4499,0.633510410785675,9.924915832032081e-05,-31.07729148864746
51,145,7517,1024,,,44.92149353027344,-6.104432106018066,4516,0.6324406266212463,9.924746260627067e-05,-28.934572219848633
51,145,7553,1028,,,22.19670867919922,-6.15259313583374,4552,0.6301812529563904,9.924387177803683e-05,-29.168622970581055
52,145,7573,1032,,,43.58259582519531,-6.106290817260742,4572,0.6289315819740295,9.924187692960026e-05,-29.36899185180664
52,145,7593,1036,,,35.217071533203125,-6.1743927001953125,4592,0.6276853680610657,9.923988212126106e-05,-30.148658752441406
,,7600,,8.2,-7.7531212,48.42008972167969,-6.161006927490234,4599,0.6272493600845337,9.923918394781521e-05,-28.207504272460938
52,144,7621,1040,,,34.77156066894531,-6.213034629821777,4620,0.6259428858757019,9.923708945694829e-05,-28.4345645904541
52,144,7652,1044,,,38.087501525878906,-6.25416898727417,4651,0.6240183115005493,9.923399767027015e-05,-28.608501434326172
53,144,7688,1048,,,32.544708251953125,-6.278909683227539,4687,0.6217920780181885,9.923040732920514e-05,-28.577056884765625
,,7700,,9.0,-5.8305752,43.48469543457031,-6.260622978210449,4699,0.6210520267486572,9.922921057771716e-05,-28.668031692504883
53,143,7724,1052,,,30.492115020751953,-6.338803291320801,4723,0.6195750832557678,9.92268171180407e-05,-29.069936752319336
54,143,7760,1056,,,39.05254364013672,-6.428438186645508,4759,0.6173669099807739,9.922322703677207e-05,-28.125938415527344
54,143,7796,1060,,,48.9379768371582,-6.434690952301025,4795,0.6151628494262695,9.921963708539458e-05,-28.45522689819336
,,7800,,8.2,-5.7141514,28.161386489868164,-6.465997695922852,4799,0.6149187088012695,9.921923820992596e-05,-28.762588500976562
54,142,7832,1064,,,33.691749572753906,-6.470161437988281,4831,0.6129675507545471,9.92160472639035e-05,-27.823200225830078
55,142,7868,1068,,,31.84308624267578,-6.562159061431885,4867,0.6107829809188843,9.921245757229418e-05,-28.034271240234375
,,7900,,8.2,-6.106616600000001,41.333797454833984,-6.574073314666748,4899,0.6088442802429199,9.920926684434083e-05,-28.151302337646484
55,141,7904,1072,,,46.20879364013672,-6.525506973266602,4903,0.6086025834083557,9.920886801056188e-05,-28.082088470458984
56,141,7932,1076,,,32.06135559082031,-6.612391948699951,4931,0.6069140434265137,9.920607621900306e-05,-27.648517608642578
56,141,7968,1080,,,24.481616973876953,-6.686311721801758,4967,0.6047496199607849,9.920248688815167e-05,-27.341552734375
,,8000,,7.4,-5.838983000000001,33.282325744628906,-6.698467254638672,4999,0.6028340458869934,9.919929648086107e-05,-26.900691986083984
56,140,8004,1084,,,36.84123229980469,-6.732020854949951,5003,0.6025950908660889,9.919889768716425e-05,-27.26017189025879
57,140,8040,1088,,,43.6373291015625,-6.729397296905518,5039,0.6004472374916077,9.919530861603612e-05,-27.966209411621094
57,140,8076,1092,,,21.007673263549805,-6.819262504577637,5075,0.5983086228370667,9.919171967476258e-05,-26.075668334960938
,,8100,,8.2,-5.5502128,40.42780685424805,-6.862136363983154,5099,0.5968852043151855,9.918932711938598e-05,-27.04747772216797
57,139,8112,1096,,,44.5184211730957,-6.883006572723389,5111,0.5961745381355286,9.91881308633389e-05,-28.13233184814453
58,139,8148,1100,,,33.99748992919922,-6.895710468292236,5147,0.5940501093864441,9.918454218176043e-05,-27.76180648803711
58,139,8184,1104,,,42.29955291748047,-6.895915985107422,5183,0.5919333100318909,9.918095363002244e-05,-26.66883087158203
,,8200,,9.0,-6.302817899999999,48.92701721191406,-6.940251350402832,5199,0.590994119644165,9.917935875981486e-05,-26.18266487121582
59,138,8220,1108,,,35.00925064086914,-6.989462852478027,5219,0.5898226499557495,9.917736520812024e-05,-27.699535369873047
59,138,8256,1112,,,17.128559112548828,-7.035810947418213,5255,0.5877214670181274,9.917377691604915e-05,-27.179569244384766
59,138,8292,1116,,,26.64406967163086,-7.067446708679199,5291,0.5856272578239441,9.917018875380444e-05,-27.48462677001953
,,8300,,7.4,-5.421655499999999,21.216922760009766,-7.1013383865356445,5299,0.5851629972457886,9.9169391402047e-05,-27.27550506591797
60,138,8328,1120,,,21.72905158996582,-7.157474040985107,5327,0.5835399031639099,9.916660072138144e-05,-25.864940643310547
60,137,8364,1124,,,35.639076232910156,-7.218972682952881,5363,0.5814571380615234,9.916301281877543e-05,-26.278207778930664
,,8400,,9.0,-7.4054226,26.102630615234375,-7.192117691040039,5399,0.579383134841919,9.915942504598175e-05,-25.8737850189209
61,137,8400,1128,,,,,,,,
61,137,8436,1132,,,41.9996223449707,-7.325385093688965,5435,0.5773169994354248,9.915583740299566e-05,-27.002859115600586
61,136,8472,1136,,,30.202241897583008,-7.343067169189453,5471,0.575258731842041,9.915224988981249e-05,-26.252952575683594
,,8500,,8.2,-4.961655199999999,27.317747116088867,-7.352658748626709,5499,0.5736642479896545,9.914945969151841e-05,-25.65818214416504
62,136,8508,1140,,,20.134366989135742,-7.333700656890869,5507,0.5732095837593079,9.914866250642752e-05,-26.01902198791504
62,136,8536,1144,,,15.95156478881836,-7.427176475524902,5535,0.5716215372085571,9.914587240908437e-05,-25.773502349853516
62,136,8572,1148,,,30.78140640258789,-7.485042095184326,5571,0.5695857405662537,9.914228525644021e-05,-25.65724754333496
,,8600,,8.2,-6.6011437,34.425201416015625,-7.52631950378418,5599,0.5680071711540222,9.913949533855633e-05,-26.104755401611328
63,135,8608,1152,,,28.37989044189453,-7.550108432769775,5607,0.5675567984580994,9.913869823358121e-05,-25.908124923706055
63,135,8644,1156,,,31.583690643310547,-7.54354190826416,5643,0.5655348896980286,9.913511134050269e-05,-25.715984344482422
64,135,8680,1160,,,27.386734008789062,-7.609447002410889,5679,0.5635221004486084,9.913152457719994e-05,-26.04454803466797
,,8700,,9.0,-7.611353899999999,18.5380859375,-7.591122150421143,5699,0.5624059438705444,9.912953198699487e-05,-24.515079498291016
64,134,8716,1164,,,37.72046661376953,-7.680965900421143,5715,0.5615150332450867,9.912793794366829e-05,-25.563644409179688
65,134,8752,1168,,,23.470813751220703,-7.735499382019043,5751,0.5595133900642395,9.912435143990303e-05,-25.32474708557129
65,134,8788,1172,,,24.520671844482422,-7.720782279968262,5787,0.5575193762779236,9.912076506589945e-05,-24.662761688232422
,,8800,,9.0,-4.8114873000000005,18.598249435424805,-7.756509780883789,5799,0.5568569302558899,9.911956963673338e-05,-24.998634338378906
65,133,8824,1176,,,27.62359046936035,-7.784001350402832,5823,0.5555332899093628,9.911717882165289e-05,-24.18975067138672
66,133,8860,1180,,,24.171131134033203,-7.781770706176758,5859,0.5535541772842407,9.911359270715863e-05,-24.771690368652344
66,133,8896,1184,,,17.453624725341797,-7.873482704162598,5895,0.5515839457511902,9.911000672241198e-05,-24.592151641845703
,,8900,,9.0,-5.5620221,27.140745162963867,-7.894530296325684,5899,0.5513651371002197,9.910960828767127e-05,-24.43902587890625
66,133,8924,1188,,,24.767263412475586,-7.913350582122803,5923,0.5500552654266357,9.910721771286363e-05,-24.044189453125
67,133,8960,1192,,,22.73471450805664,-7.972528457641602,5959,0.5480965375900269,9.91036319587678e-05,-24.058712005615234
67,132,8996,1196,,,17.912368774414062,-8.034244537353516,5995,0.5461439490318298,9.910004633440656e-05,-23.575878143310547
,,9000,,7.4,-4.638437999999999,30.918773651123047,-8.046723365783691,5999,0.5459273457527161,9.909964793970785e-05,-24.23284149169922
68,132,9032,1200,,,19.221996307373047,-8.045696258544922,6031,0.544198215007782,9.909646083977518e-05,-23.587778091430664
68,132,9068,1204,,,17.30194854736328,-8.123483657836914,6067,0.542258620262146,9.9092875474869e-05,-24.247478485107422
,,9100,,7.4,-5.3523683,13.67753791809082,-8.169050216674805,6099,0.5405430793762207,9.908968859274257e-05,-24.69264793395996
68,132,9104,1208,,,28.856735229492188,-8.223410606384277,6103,0.5403290390968323,9.908929023968329e-05,-24.01015281677246
69,131,9140,1212,,,23.95711898803711,-8.180051803588867,6139,0.5384067893028259,9.908570513421339e-05,-24.012187957763672
69,131,9176,1216,,,26.01055908203125,-8.17762565612793,6175,0.5364906787872314,9.90821201584546e-05,-23.597143173217773
,,9200,,9.0,-6.7999725,23.528650283813477,-8.298736572265625,6199,0.5352156162261963,9.90797302466748e-05,-23.437679290771484
70,131,9212,1220,,,24.790176391601562,-8.371072769165039,6211,0.5345794558525085,9.907853531240221e-05,-23.28717803955078
70,131,9240,1224,,,22.05388069152832,-8.338020324707031,6239,0.5330989360809326,9.907574718847648e-05,-23.491382598876953
70,131,9276,1228,,,15.833030700683594,-8.384222984313965,6275,0.5312009453773499,9.907216257300167e-05,-23.971004486083984
70,131,9296,1232,,,21.610143661499023,-8.47586441040039,6295,0.530147910118103,9.907017117600077e-05,-23.759357452392578
,,9300,,9.0,-4.252527500000001,17.28133201599121,-8.43562126159668,6299,0.5299374461174011,9.906977290140397e-05,-23.45789909362793
71,130,9332,1236,,,15.260546684265137,-8.474020004272461,6331,0.5282579064369202,9.906658676226919e-05,-23.935279846191406
71,130,9368,1240,,,14.00465202331543,-8.535667419433594,6367,0.5263764262199402,9.906300247822369e-05,-22.799270629882812
,,9400,,9.0,-6.6998078,18.649412155151367,-8.5180025100708,6399,0.5247102379798889,9.90598165568295e-05,-23.49698257446289
72,130,9404,1244,,,12.917662620544434,-8.521979331970215,6403,0.5245020985603333,9.905941832385958e-05,-23.55642318725586
72,130,9440,1248,,,18.113994598388672,-8.590167999267578,6439,0.5226346850395203,9.905583429917215e-05,-22.7095947265625
72,129,9476,1252,,,26.97848892211914,-8.664909362792969,6475,0.520773708820343,9.905225040415673e-05,-23.737850189208984
,,9500,,8.2,-5.703252099999999,19.883995056152344,-8.658339500427246,6499,0.5195373296737671,9.904986121285081e-05,-23.636457443237305
73,129,9512,1256,,,22.320444107055664,-8.697954177856445,6511,0.5189207792282104,9.904866663880861e-05,-22.067344665527344
73,129,9548,1260,,,15.570701599121094,-8.735511779785156,6547,0.5170724987983704,9.904508300312313e-05,-23.007015228271484
74,129,9576,1264,,,19.222543716430664,-8.818029403686523,6575,0.5156417489051819,9.904229582056358e-05,-22.580093383789062
,,9600,,8.2,-6.1881428,20.104576110839844,-8.852779388427734,6599,0.5144184827804565,9.903990686936733e-05,-22.434980392456055
74,129,9604,1268,,,15.373809814453125,-8.777475357055664,6603,0.5142148733139038,9.903950871643688e-05,-22.35192108154297
74,128,9640,1272,,,14.494467735290527,-8.857421875,6639,0.5123838782310486,9.903592541209009e-05,-22.789302825927734
75,128,9676,1276,,,15.971059799194336,-8.913838386535645,6675,0.5105579495429993,9.903234223738925e-05,-22.03855323791504
,,9700,,7.4,-4.532742,15.194629669189453,-8.93411636352539,6699,0.5093458294868469,9.902995352627856e-05,-22.77813720703125
75,128,9712,1280,,,13.810312271118164,-8.992847442626953,6711,0.508741021156311,9.902875919232965e-05,-22.709739685058594
76,128,9748,1284,,,13.558633804321289,-9.020995140075684,6747,0.506929874420166,9.90251762769066e-05,-22.159221649169922
76,127,9776,1288,,,19.8554630279541,-9.047361373901367,6775,0.5055259466171265,9.902238965453318e-05,-21.29770851135254
,,9800,,9.0,-6.1766297,17.544952392578125,-9.047622680664062,6799,0.5043243169784546,9.902000118348392e-05,-21.437389373779297
76,127,9812,1292,,,21.571659088134766,-9.104096412658691,6811,0.5037258267402649,9.901880696956355e-05,-21.726985931396484
77,127,9840,1296,,,19.27999496459961,-9.116085052490234,6839,0.5023313164710999,9.90160205264259e-05,-21.8281307220459
77,127,9876,1300,,,19.990224838256836,-9.188197135925293,6875,0.5005438327789307,9.901243807189485e-05,-21.917251586914062
,,9900,,8.2,-6.3775365,19.91172981262207,-9.202898979187012,6899,0.4993552267551422,9.901004984088289e-05,-20.598960876464844
78,127,9912,1304,,,17.738086700439453,-9.27066421508789,6911,0.49876272678375244,9.9008855746979e-05,-21.47955322265625
78,126,9948,1308,,,19.71483612060547,-9.292654037475586,6947,0.49698925018310547,9.900527355167365e-05,-21.8609676361084
78,126,9976,1312,,,22.012283325195312,-9.272265434265137,6975,0.49561595916748047,9.900248748937374e-05,-22.32422637939453
,,10000,,8.2,-5.0817983,13.68300724029541,-9.289641380310059,6999,0.49443987011909485,9.900009949837496e-05,-22.068771362304688
