#{"t_start": 1734959629.2051036, "env_id": "GraspEnv_v3"}
r,l,t
-2.658677,7,2.567058
-10.320709,14,2.591151
0.188863,2,2.596151
-5.194753,9,2.613164
0.825477,1,2.616183
-2.761425,5,2.626168
0.928501,1,2.629152
-6.664675,12,2.650151
0.95701,1,2.653156
-11.043212,14,2.677213
-13.556105,14,2.771555
-0.46149,3,2.778529
0.967329,1,2.781185
-12.306419,14,2.806196
-12.302553,14,2.830189
-9.783509,14,2.855221
-10.90534,14,2.8798
-13.032294,14,2.905857
0.924437,1,2.910857
-0.864168,5,2.922842
-7.899424,14,3.004393
-1.969166,9,3.020421
-10.17726,14,3.046415
-3.871217,7,3.059384
-8.835634,14,3.087035
-13.659938,14,3.115076
0.618337,2,3.120034
0.5773,2,3.125041
-9.97928,14,3.149048
0.977933,1,3.152035
-0.145366,5,3.203766
-12.622335,14,3.230767
0.87793,1,3.233766
-7.789126,14,3.25977
-12.136844,14,3.285443
0.634241,2,3.290441
-8.752047,14,3.315432
-10.921198,14,3.343434
0.869515,1,3.346432
-2.235411,7,3.360434
0.361658,2,3.411188
-11.3005,14,3.440179
-12.143119,14,3.466232
-9.615373,14,3.489828
-10.802131,14,3.514813
-0.742359,6,3.527834
0.856402,1,3.530818
-12.278622,14,3.556826
-7.940508,14,3.58248
-10.153683,14,3.608486
0.926334,1,3.65549
0.91635,1,3.659497
-2.669776,8,3.675558
-0.049651,2,3.679585
-5.802867,10,3.699227
-7.927656,14,3.723188
-3.941101,10,3.740216
-9.677449,14,3.765194
-12.331079,14,3.791468
0.849656,1,3.794466
-12.957785,14,3.869538
-9.831785,14,3.895731
-3.880497,9,3.914685
-11.634433,14,3.940688
-8.786643,14,3.965686
-0.790773,4,3.973743
-13.889137,14,4.000156
-7.487617,14,4.026171
-0.62384,3,4.033165
-2.535067,7,4.046165
-11.624151,14,4.115888
-9.016988,14,4.140888
-0.777603,5,4.150929
-10.584908,14,4.175922
-5.445874,14,4.200243
-9.674468,14,4.226241
0.813058,1,4.229245
-13.51238,14,4.253248
-11.822423,14,4.280309
-5.518667,14,4.303935
-4.445758,7,4.370031
-0.6261,3,4.377056
-8.084863,14,4.403189
-4.273646,10,4.423189
-9.109414,14,4.449186
0.025411,3,4.456191
-7.641237,13,4.480256
-2.499913,7,4.492407
-6.766253,13,4.515415
0.686023,2,4.519433
-2.570785,8,4.581488
-8.021821,11,4.603648
-1.287558,5,4.613646
-4.418202,7,4.627643
-8.164897,14,4.652624
-1.463754,4,4.660634
-1.006154,6,4.672741
-9.989627,14,4.69687
-8.771142,14,4.725848
-9.455446,14,4.750842
-3.968409,8,4.809153
-2.786667,6,4.821172
-8.001405,14,4.847123
-4.705291,7,4.860173
-9.202138,14,4.88437
-13.197482,14,4.910342
-12.703531,14,4.939332
-2.242361,5,4.949342
0.599868,2,4.954335
-8.061983,14,4.978381
-10.833258,14,5.055924
-11.174429,14,5.081979
-12.349245,14,5.10665
-0.62094,4,5.114631
-0.669038,3,5.120644
0.814804,1,5.123635
-0.65893,3,5.129629
0.906538,1,5.131625
-1.283587,5,5.141619
-12.333924,14,5.169674
0.990357,1,5.219919
0.948595,1,5.223901
-0.663011,3,5.229877
0.817112,1,5.232886
-1.895536,8,5.247879
-10.941199,13,5.274962
-2.144113,7,5.290073
-6.508941,9,5.307061
-13.115248,14,5.332053
-0.128786,3,5.340062
0.045977,2,5.400779
-7.584399,14,5.430773
-8.503747,14,5.456779
0.889728,1,5.458779
-1.699053,5,5.468772
-4.315445,7,5.481824
-2.473586,5,5.491495
-10.086752,14,5.516468
0.583036,2,5.522466
-10.828563,14,5.546493
-10.604359,14,5.620919
0.893628,1,5.623908
-11.948836,14,5.649894
-10.188239,14,5.675939
0.928616,1,5.678946
-7.687459,13,5.703601
-9.890691,14,5.732582
-9.007359,14,5.756593
-0.85116,5,5.767581
-0.924434,4,5.77663
0.94049,1,5.820791
-8.501672,14,5.851789
-4.139943,8,5.866778
0.369909,2,5.871822
-12.072034,14,5.898221
-4.036811,14,5.925226
0.951999,1,5.928217
0.443671,2,5.933226
-7.383791,14,5.95826
-7.554441,12,5.98127
-3.950987,9,6.044947
-10.084616,14,6.072975
-12.06701,14,6.097236
-3.366272,7,6.110241
-9.904639,14,6.150313
0.838485,1,6.153311
0.649545,2,6.16023
-2.612331,9,6.176286
-0.102066,2,6.180286
-10.24883,14,6.21008
-6.898371,12,6.283131
-0.730487,3,6.289778
-7.147613,13,6.312763
-13.11879,14,6.337788
-8.460019,14,6.361749
0.931515,1,6.364756
-0.976913,4,6.371789
0.123846,3,6.379797
0.830652,1,6.3828
-9.029021,11,6.403951
0.874181,1,6.446965
-3.638863,9,6.467961
-4.301744,11,6.488095
-2.491178,6,6.50012
-1.432431,6,6.512108
-6.953251,9,6.528093
-6.394862,14,6.553095
-10.904386,14,6.577134
0.37031,2,6.581134
-11.621044,14,6.607437
0.909489,1,6.654446
-9.887651,14,6.683564
-1.935862,7,6.696173
0.610086,2,6.701194
-10.831785,14,6.72517
-8.283611,12,6.746167
-7.895686,14,6.770162
-10.296329,14,6.797356
-10.588795,14,6.823372
-3.911049,6,6.835377
-9.929893,14,6.912604
-4.442208,8,6.928597
-5.588778,9,6.945608
0.921565,1,6.948637
-1.915826,5,6.959608
-0.338153,3,6.965632
-7.636899,14,6.990762
-11.378627,14,7.015755
-8.288359,14,7.03975
-10.234181,14,7.064755
-2.914425,7,7.125071
-1.086296,4,7.134066
-1.517627,4,7.142066
-5.401489,12,7.164107
-2.852248,6,7.176098
-0.922,3,7.182101
-0.416165,4,7.189194
-3.400107,9,7.205194
-4.031702,6,7.216196
-0.314661,3,7.222194
-9.400395,14,7.305671
-11.314129,14,7.330668
-1.002032,3,7.337682
-8.783111,14,7.362681
-2.47201,5,7.372766
-1.341647,4,7.380795
-9.510888,14,7.40744
-10.38623,14,7.434429
0.222705,2,7.439434
-0.117819,3,7.445477
0.233787,2,7.504019
-8.111672,14,7.531006
-8.823636,14,7.556014
-4.191319,10,7.574036
-12.186633,14,7.599658
0.369172,3,7.606651
-0.428664,3,7.611667
-7.786906,14,7.637679
-10.921674,14,7.662665
0.090438,2,7.667696
-9.818619,14,7.739374
-7.360858,14,7.765365
0.971631,1,7.768376
-4.656066,8,7.782444
-0.022478,2,7.786418
0.09396,3,7.794056
-7.707895,14,7.819059
-0.620397,4,7.827068
-7.091927,11,7.848061
-4.139116,9,7.865067
-10.901627,14,7.940406
-9.449373,14,7.966407
-0.479528,3,7.972404
0.859221,1,7.975445
0.133467,3,7.981447
-11.040526,14,8.006559
-9.170086,14,8.031559
-7.326641,14,8.058553
-8.538441,14,8.084631
-11.02996,14,8.10973
-13.959116,14,8.18279
-0.674125,4,8.191943
-8.937634,14,8.215924
-0.247562,3,8.221946
-10.90053,14,8.246924
-1.914804,4,8.254917
-0.662076,3,8.26092
-9.117749,14,8.286965
-13.381386,14,8.313077
0.143152,3,8.320085
-3.354789,6,8.375155
-7.322765,14,8.403325
-4.957881,8,8.420309
-13.594114,14,8.447342
-11.167177,14,8.474325
-0.259476,3,8.483382
-8.372652,14,8.515546
-8.533622,14,8.542546
-2.074184,6,8.555546
0.910674,1,8.559546
0.927897,1,8.611913
-7.42851,14,8.639884
-4.095425,7,8.652892
-10.659825,14,8.677924
-7.442009,14,8.704061
0.972334,1,8.707063
-8.015455,12,8.729068
-6.464795,12,8.753073
-10.092467,14,8.77712
-1.154104,4,8.785165
-9.951579,14,8.861729
-0.770869,3,8.868739
-11.301137,14,8.893477
-12.625276,14,8.919484
-8.013973,14,8.943467
-3.138266,6,8.954463
0.097692,3,8.960453
-2.931179,11,8.981516
0.927393,1,8.98451
-11.206837,14,9.007699
0.19412,3,9.055702
0.9015,1,9.05871
-2.721586,6,9.071702
0.995877,1,9.075813
-10.207022,14,9.103951
-7.011002,14,9.128973
-11.327326,14,9.153992
-0.061062,2,9.158958
-10.236511,14,9.183985
0.836594,1,9.185989
-9.986715,14,9.257105
-10.811155,14,9.282144
0.477583,2,9.287151
0.988585,1,9.289149
0.260322,2,9.294428
-4.647628,8,9.309434
-5.378539,12,9.331426
-8.309856,14,9.358437
-10.210328,14,9.38252
-3.300624,9,9.398829
0.176597,2,9.447823
-10.093522,14,9.47682
0.849402,1,9.479861
-9.97561,14,9.505055
-11.689067,14,9.531056
-12.928708,14,9.556089
-10.741916,14,9.580099
-9.120361,14,9.605213
-12.221332,14,9.630215
0.421333,2,9.635204
-5.19882,10,9.703635
-0.510061,3,9.710639
-8.099329,14,9.737636
0.003819,2,9.741637
-0.003153,2,9.746636
0.944972,1,9.749647
-6.121139,9,9.76566
-11.515476,14,9.790679
-8.364842,14,9.816309
-9.146907,14,9.842309
-13.84223,14,9.912541
-7.14515,14,9.938535
-7.178858,14,9.96353
-9.794532,14,9.988654
-4.248916,7,10.002779
-7.63684,14,10.027788
-12.917215,14,10.053777
-0.859677,4,10.06181
-4.260278,8,10.076777
-0.447398,3,10.082819
-3.807907,7,10.141179
-1.119656,4,10.151169
-0.023535,3,10.158194
-0.153413,2,10.163162
-3.634405,9,10.179253
-3.193237,8,10.193909
-11.645538,14,10.218938
-7.36062,14,10.242909
-11.651985,14,10.267921
-4.554343,8,10.28203
-13.450862,14,10.362733
-5.655184,11,10.391798
-13.012921,14,10.421477
-4.035432,8,10.436465
-3.015531,7,10.449458
-9.849977,14,10.475464
-8.543612,14,10.502181
-5.059906,10,10.520151
-12.795149,14,10.545187
-12.33679,14,10.570151
-5.379599,10,10.631847
-3.820385,6,10.644844
-3.550278,6,10.65685
-4.816662,7,10.671867
-11.503339,14,10.698147
-8.889907,14,10.724152
-10.613115,14,10.75014
-13.430725,14,10.774138
-12.750324,14,10.800417
-9.252193,14,10.827435
-7.631634,12,10.899608
0.907289,1,10.903627
-10.74934,14,10.930608
-0.441396,3,10.93663
-4.525146,8,10.951634
-9.587903,14,10.978607
0.989023,1,10.981667
-0.665823,4,10.989667
-9.204222,14,11.015736
-8.747533,14,11.04373
-6.719579,10,11.116414
-9.486188,12,11.139459
-6.222092,11,11.158462
-9.131219,14,11.182466
-8.978443,11,11.202052
0.884342,1,11.205049
-2.77902,9,11.222043
-0.269435,3,11.229045
0.321597,3,11.235056
-9.173966,14,11.261045
-13.22276,14,11.333333
-2.838594,7,11.346364
0.031146,2,11.351332
-13.434445,14,11.377337
-0.427878,3,11.383369
-9.555206,14,11.411529
0.901662,1,11.415545
-13.716893,14,11.442533
-9.179298,14,11.468537
-12.391118,14,11.495595
0.97395,1,11.53872
-0.881053,5,11.55272
0.981581,1,11.55672
0.845198,1,11.56072
-3.219819,7,11.582814
0.134817,3,11.588774
-11.8635,14,11.615058
-0.130209,3,11.622055
-9.202184,14,11.648053
-5.018027,9,11.664067
-8.796589,14,11.74881
-3.975506,7,11.761785
-10.816384,14,11.787862
-13.510822,14,11.812461
0.398618,2,11.816454
-11.290938,14,11.84246
-0.152906,3,11.849476
-11.410012,14,11.874455
-9.550713,14,11.900682
0.117411,2,11.906661
-12.102727,14,11.982728
-1.700214,5,11.993732
-10.102136,14,12.021951
-8.099575,11,12.042951
-7.664524,14,12.069942
-9.287202,14,12.097095
-5.376009,13,12.124737
-6.650699,14,12.151757
0.411562,2,12.157728
0.947983,1,12.16076
-7.592709,14,12.238415
0.094923,2,12.243414
-0.688667,3,12.250457
0.826617,1,12.253443
-7.091563,12,12.277441
-5.786631,10,12.296501
-9.5129,14,12.323911
0.430064,3,12.331887
-2.817882,7,12.345922
-9.222413,14,12.371929
-13.109081,14,12.448629
-11.102245,14,12.475655
-10.766449,14,12.504775
-9.563053,14,12.532789
-11.065233,14,12.561782
-2.374814,7,12.576781
0.940434,1,12.579772
-0.055419,3,12.585829
0.637163,2,12.590825
-12.173526,14,12.617925
-9.553485,14,12.69598
-9.426244,14,12.725124
-2.591545,5,12.737117
-3.656032,10,12.758115
-4.174432,10,12.779129
-1.898273,4,12.789162
0.191025,2,12.795158
-7.089484,10,12.816298
0.083562,2,12.822278
-6.781961,13,12.85027
-4.969474,8,12.908625
-3.338579,8,12.926642
-12.641558,14,12.958625
-9.286842,14,12.988685
0.814126,1,12.991705
-11.29799,14,13.019948
-8.501921,14,13.048901
-2.241053,7,13.06391
-10.68749,14,13.092977
-9.636013,14,13.121173
-7.367462,14,13.195257
-1.041325,3,13.202381
-0.740156,3,13.209381
-10.104181,14,13.236383
0.120537,2,13.241374
-3.40785,6,13.253374
-1.233217,4,13.262381
-3.323046,6,13.274381
-0.941575,5,13.284374
0.212655,2,13.289416
-7.240362,13,13.36105
-8.385084,14,13.389116
0.902617,1,13.392126
-10.06272,14,13.421753
-4.068503,9,13.439727
-0.552875,4,13.448724
0.561671,2,13.453727
-0.859622,3,13.460717
-10.761293,14,13.489763
-10.760572,14,13.516031
-4.747823,9,13.58003
-0.037661,2,13.585068
-11.480266,14,13.613822
0.534061,2,13.619845
-0.784264,4,13.628823
-8.732356,14,13.655827
-12.697708,14,13.684814
-7.542974,14,13.714528
-9.038606,14,13.741542
-9.637024,14,13.76951
-4.246692,9,13.83427
-4.470448,8,13.852269
-3.50828,7,13.867271
0.898773,1,13.870298
-6.131971,11,13.893354
-8.439899,14,13.9225
-1.473592,5,13.93349
-8.972438,14,13.962519
-0.575665,4,13.971483
-5.412603,9,13.991539
-10.436993,14,14.06494
-2.845122,6,14.076928
-2.524565,6,14.089982
-2.436357,7,14.10562
-11.746656,14,14.132604
0.384177,2,14.137627
-6.36075,11,14.160643
-4.420524,9,14.179628
-10.543814,14,14.206803
-2.918043,6,14.218803
-5.585919,8,14.274807
-2.406653,6,14.288846
-0.736361,3,14.301979
0.940625,1,14.304979
-0.845289,4,14.314973
0.483535,2,14.319972
0.903508,1,14.322998
-8.552487,14,14.350967
-1.835582,5,14.361974
-0.63852,4,14.370979
-9.954197,14,14.459366
0.895409,1,14.462359
-9.500196,14,14.490398
-1.041086,3,14.498404
-2.626687,7,14.515023
-12.158016,14,14.543017
-7.791666,14,14.574021
0.573179,2,14.580024
-4.307218,8,14.598072
-9.226034,14,14.627194
-11.003996,14,14.696241
-1.328222,5,14.708389
0.890748,1,14.713408
-9.938059,14,14.741402
-6.307793,14,14.768396
-13.065085,14,14.794452
-13.644332,14,14.823562
0.522176,2,14.828593
-11.942809,14,14.859564
0.983854,1,14.863562
-12.917277,14,14.939275
-0.028911,4,14.948274
-5.790338,14,14.97729
-1.273436,6,14.991373
0.952279,1,14.995386
0.933385,1,14.998364
-11.408422,14,15.028017
0.405373,2,15.034022
-1.349335,4,15.044023
-13.661853,14,15.072023
-8.71114,14,15.153257
-10.135696,14,15.180231
-11.120848,14,15.209493
-2.37269,5,15.220498
-0.300564,3,15.227478
0.868318,1,15.230482
-9.759935,14,15.259478
-9.991315,14,15.288535
-7.761228,14,15.318719
-0.315824,3,15.32671
-8.942499,14,15.40077
-10.104363,14,15.430356
-4.838366,12,15.455361
-3.817599,10,15.475349
-11.499017,14,15.506032
-9.729131,14,15.535052
-4.32682,9,15.556033
-2.941889,8,15.573046
-1.96621,6,15.586033
-3.913993,8,15.602076
-6.868024,14,15.681769
0.883874,1,15.684732
-11.884968,14,15.71246
-1.542941,6,15.725487
0.161909,3,15.732481
-11.333005,14,15.759454
0.843702,1,15.762448
0.201996,3,15.771447
-1.605094,5,15.783454
-12.261637,14,15.810704
-12.87998,14,15.887719
-10.73819,14,15.916878
-12.433273,14,15.945879
-11.35981,14,15.976879
-13.855077,14,16.008086
-7.526983,14,16.040109
-11.43593,14,16.069079
-7.706538,14,16.097183
-0.357219,4,16.107344
-12.841719,14,16.134336
-1.708028,5,16.18434
-5.727123,9,16.204386
0.88168,1,16.208508
-7.508289,12,16.232547
-11.002612,14,16.259542
-1.862822,4,16.268516
-11.789877,14,16.295562
-3.914417,8,16.311722
-5.073374,10,16.331731
-2.730288,7,16.347716
-7.200173,14,16.425921
0.870027,1,16.428931
-8.565173,14,16.456913
-5.82891,12,16.481915
-6.052721,9,16.502045
-12.758571,14,16.532654
0.371796,2,16.537683
-9.77259,14,16.566697
-12.108551,14,16.593803
-10.261284,14,16.621466
-13.897141,14,16.69856
0.913946,1,16.702538
-13.639709,14,16.730661
-0.057628,3,16.73865
-13.529861,14,16.767677
-7.003573,13,16.79173
0.090464,3,16.798743
-0.571687,4,16.807926
-0.321542,3,16.815927
-12.352448,14,16.847941
0.969241,1,16.894986
-12.263925,14,16.929325
-0.893507,4,16.938325
-0.985338,4,16.948315
-11.186366,14,16.976343
-11.523209,14,17.004386
-11.186968,14,17.037612
-8.509827,14,17.068653
0.003688,2,17.074602
0.884771,1,17.078618
-11.549975,14,17.155851
-13.348333,14,17.182822
-9.894232,14,17.212021
-5.450021,8,17.230016
-11.324288,14,17.263018
-12.21052,14,17.295062
-8.485766,14,17.326193
-0.606032,3,17.334193
-12.53961,14,17.363188
-4.349023,10,17.384212
-8.553652,14,17.459004
-9.992345,14,17.485986
0.931971,1,17.489975
-4.431283,9,17.507598
-7.908161,13,17.534644
-10.968179,14,17.566662
0.206516,3,17.573639
-9.787982,14,17.602683
-8.706438,14,17.629939
-6.888927,14,17.661949
-8.951383,14,17.742622
-0.92929,5,17.75365
-10.491327,14,17.781629
-0.483758,4,17.790629
-0.257321,4,17.79969
0.855987,1,17.803713
-1.583848,4,17.812318
-1.372823,5,17.823338
-2.30575,5,17.834322
-3.97759,11,17.858339
-10.670264,14,17.930542
-10.222185,14,17.958542
-1.36331,5,17.969574
-7.47355,14,17.996626
0.197186,2,18.002625
0.113128,2,18.007611
-0.960888,3,18.014307
-3.449665,7,18.029262
0.876586,1,18.033274
-12.832505,14,18.064276
-1.044701,4,18.117004
-5.984884,12,18.145997
-10.451627,14,18.173997
-0.057983,2,18.178991
-10.750396,14,18.210241
-7.944073,14,18.238241
-6.364531,14,18.267275
-11.042318,14,18.29425
-11.140084,14,18.321554
-2.604115,7,18.336553
-8.122404,14,18.411297
-0.891854,3,18.419303
-0.499741,3,18.426338
-4.754878,9,18.445302
-8.454221,13,18.470321
-1.78473,5,18.481303
0.829584,1,18.484337
-8.090885,14,18.512577
-5.473696,12,18.537561
-6.750249,14,18.565562
-9.144336,14,18.641251
0.601271,2,18.646255
-11.704519,14,18.675262
-13.956385,14,18.702373
0.474747,2,18.707345
-9.27119,14,18.735964
0.076952,2,18.74197
-0.414486,4,18.750962
-10.561258,14,18.778977
-0.004361,2,18.784974
-0.988483,4,18.834639
0.93825,1,18.838683
-8.243702,14,18.867678
0.033739,2,18.872642
-5.357923,9,18.891642
-0.051718,4,18.900745
-7.604518,14,18.930324
-8.034357,14,18.958309
-9.316683,14,18.987309
-7.166808,12,19.01157
-10.331835,14,19.099593
-12.132632,14,19.127905
0.038545,2,19.132869
-12.29225,14,19.16289
-9.71241,14,19.190868
-0.782811,4,19.199925
-7.566151,14,19.228145
0.878461,1,19.231165
-12.301169,14,19.261142
-11.885924,14,19.289136
-7.830621,14,19.36137
-2.094976,6,19.374361
0.950138,1,19.377361
0.288795,3,19.386393
0.641001,2,19.391363
-9.766299,14,19.419657
-1.75673,4,19.428678
-2.871624,6,19.441664
0.768326,2,19.447661
0.395883,2,19.454688
-10.600558,14,19.530148
-11.854839,14,19.558161
-12.382231,14,19.58518
-8.235519,14,19.611784
-7.569434,11,19.633832
-11.723299,14,19.660856
-12.429014,14,19.690864
-9.673162,14,19.719118
-10.847285,14,19.748128
0.504673,2,19.753089
-9.16672,14,19.831287
-7.285294,11,19.853294
-8.930831,14,19.881329
-3.274756,9,19.899347
-11.101774,14,19.929647
-8.783086,14,19.958652
-2.866387,5,19.969641
-6.166754,14,20.000701
-8.142279,14,20.028384
-11.232791,14,20.058395
-13.151839,14,20.134759
-7.969274,14,20.164797
-7.301302,14,20.193798
-0.758407,4,20.203875
0.870981,1,20.207868
-8.877701,14,20.238514
-10.597762,14,20.268505
-1.733833,5,20.279505
0.821188,1,20.283511
-7.972043,13,20.309545
-9.547553,14,20.390196
-7.879422,14,20.42046
-6.943808,14,20.448458
-1.987192,4,20.457443
-11.872465,14,20.487469
-8.986293,14,20.515636
-13.14986,14,20.544609
-1.797138,5,20.555619
0.844916,1,20.558634
-0.881414,3,20.565605
-0.622994,3,20.617836
-3.085411,8,20.636833
-12.070291,14,20.666864
-8.101537,14,20.695831
0.950977,1,20.699884
0.485468,2,20.705897
-3.681694,7,20.721025
-0.706602,4,20.730048
-1.754743,5,20.742044
-4.582915,9,20.760023
-5.844701,9,20.830215
-11.316627,14,20.859216
-11.292725,14,20.888223
-2.649223,6,20.901328
-5.862511,9,20.920574
-10.565143,14,20.948584
-7.098188,14,20.976569
-0.20302,3,20.983568
-9.437087,14,21.010621
0.962273,1,21.014619
0.958317,1,21.061724
-11.427305,14,21.094732
-9.305517,14,21.122945
-10.551549,14,21.150954
-0.362732,5,21.161983
-5.343008,13,21.186941
-10.985007,14,21.214009
-9.943134,14,21.241631
-11.809594,14,21.271655
-7.811841,14,21.299635
-0.684359,4,21.355348
0.832148,1,21.358348
-2.758467,6,21.372341
-0.486989,3,21.379339
-9.750135,14,21.406383
-7.32267,14,21.434965
-12.772801,14,21.462981
0.607103,2,21.469973
-8.938285,14,21.497962
0.833575,1,21.501036
-1.544328,4,21.558626
-13.179667,14,21.588635
-10.703667,14,21.617988
-6.679678,11,21.640984
-11.071806,14,21.668993
-10.878409,14,21.700026
-3.856532,10,21.720723
-5.794538,14,21.748714
-0.879436,3,21.755714
-7.466275,14,21.783717
-1.109112,6,21.843468
-10.148754,14,21.874477
-3.253281,7,21.889478
-6.284875,11,21.913529
-13.071311,14,21.943191
0.814851,1,21.946211
-3.472252,11,21.969171
0.494382,2,21.974179
-8.195078,14,22.002253
-2.010766,6,22.016264
-11.861814,14,22.089867
-13.665078,14,22.119597
0.970426,1,22.123598
-7.312341,14,22.151591
-13.537716,14,22.182598
-2.41012,6,22.196613
-10.751616,14,22.224897
-3.221134,6,22.238899
-1.915437,5,22.249928
-0.796858,3,22.256902
-8.21675,14,22.328221
-11.070804,14,22.358219
-3.12321,10,22.379224
-8.335315,14,22.40834
0.82013,1,22.412312
-4.609007,11,22.436461
0.182415,2,22.441455
0.892778,1,22.445455
-5.677429,9,22.462492
-8.629269,14,22.492455
0.984021,1,22.539133
-13.454288,14,22.572126
-13.010413,14,22.60016
-11.301154,14,22.627868
0.895493,1,22.630844
-2.077963,4,22.640885
-13.851217,14,22.667842
-11.871659,14,22.69484
-12.818416,14,22.725003
-0.242096,4,22.734004
-5.410968,10,22.804066
-0.653969,5,22.815053
-12.145209,14,22.84415
-9.017928,14,22.874146
-12.376524,14,22.902181
-12.476898,14,22.932378
-11.481001,14,22.961366
0.91897,1,22.96537
-13.219776,14,22.99437
-2.33703,7,23.008441
-5.020033,11,23.080134
-2.267529,6,23.094116
0.82311,1,23.097135
-2.662626,6,23.110169
-7.532054,13,23.136769
-11.499865,14,23.162775
-4.255175,7,23.177793
-6.681476,14,23.205853
-11.133943,14,23.234026
0.614618,2,23.24001
-8.513611,14,23.318043
0.89759,1,23.320707
-1.71046,4,23.329734
-3.30169,8,23.346714
-0.454752,3,23.353701
-7.610475,14,23.38171
-10.237633,14,23.414764
-7.761134,14,23.443455
0.961774,1,23.44643
-11.287313,14,23.473436
-0.730615,3,23.527644
-8.068799,12,23.554645
-5.537827,12,23.579645
-1.067492,4,23.588638
-0.519127,3,23.595646
-6.720529,14,23.624013
0.910556,1,23.627037
0.943334,1,23.631051
-6.276516,14,23.660038
-1.976273,7,23.675034
0.173482,2,23.730744
-8.238675,14,23.764762
-0.831545,3,23.771744
-6.772515,14,23.799744
-5.243339,13,23.825445
-9.019877,14,23.853417
-0.870733,3,23.861459
-0.687054,3,23.871424
-12.810066,14,23.898417
-12.092787,14,23.928587
0.299979,3,23.98663
0.870337,1,23.991589
-11.447333,14,24.022865
-1.551475,4,24.031885
-4.24735,11,24.054867
-11.402311,14,24.082888
-0.073617,2,24.088857
-1.374869,5,24.099875
-10.155721,14,24.130434
-2.382687,6,24.143394
-1.823859,5,24.198427
-2.351543,8,24.217508
-11.644953,14,24.245099
-10.791404,14,24.274098
-2.576077,5,24.285099
-0.892592,3,24.292129
-8.286967,11,24.317171
-1.210561,4,24.326305
-10.562596,14,24.353299
-2.368396,7,24.368257
-5.791794,10,24.439
-1.413275,4,24.449999
-8.107266,14,24.478961
-2.023835,4,24.487983
-2.676856,5,24.498986
0.962182,1,24.502959
0.413537,3,24.510009
-2.684605,6,24.523627
-8.413846,14,24.553628
-0.425321,3,24.560639
0.829388,1,24.613694
0.421377,2,24.619704
0.35997,2,24.626039
0.963143,1,24.630049
0.8168,1,24.635055
-0.996306,3,24.643045
0.983146,1,24.647069
0.890961,1,24.650078
-4.400788,8,24.66705
-9.941031,14,24.696046
0.547093,2,24.757778
-10.149678,14,24.786741
-13.704824,14,24.815789
-1.436399,4,24.824349
-12.410293,14,24.851356
-1.578742,5,24.862347
-11.470174,14,24.889358
-12.119454,14,24.919422
-9.137188,14,24.948555
0.176404,2,24.953582
-1.001908,3,25.003603
-7.220602,11,25.031832
-5.688234,8,25.051919
-9.81064,14,25.083831
0.138136,2,25.090868
-0.652207,3,25.098848
-1.278397,5,25.113048
-1.944293,4,25.122013
0.885803,1,25.125393
-0.907527,3,25.132324
-13.225506,14,25.21843
0.168068,2,25.22632
-10.761103,14,25.256363
-1.263421,5,25.270368
-6.69482,14,25.303281
0.824108,1,25.307297
-4.801503,8,25.325083
-2.941174,6,25.341095
0.13515,2,25.348071
-10.71763,14,25.37711
-11.846471,14,25.445765
-1.083221,5,25.457744
-11.24342,14,25.485742
-6.771064,14,25.515795
0.819208,1,25.519829
-8.730055,14,25.548946
-13.751696,14,25.576948
-9.344706,13,25.603951
-2.777577,6,25.616999
-7.683411,13,25.642222
-11.712228,14,25.71727
-0.427688,3,25.724292
-11.207583,14,25.754466
-11.850051,14,25.781488
0.363074,2,25.786468
-7.791705,14,25.816509
-4.916669,14,25.845125
-3.385648,10,25.870114
-1.222344,4,25.87912
-11.291536,14,25.908138
-13.715549,14,25.980783
-10.574967,14,26.011842
-8.56761,14,26.042021
-9.061594,14,26.069993
-8.42516,14,26.097984
-1.030171,4,26.106993
-13.477673,14,26.135406
-7.590865,14,26.163387
-2.078634,7,26.178374
0.116444,2,26.183401
-11.645222,14,26.258091
-8.264891,14,26.285093
-1.195555,4,26.294118
-9.873556,14,26.322128
-7.228626,14,26.349308
-3.399833,10,26.37031
-5.347288,14,26.398324
0.872465,1,26.402313
-4.868923,11,26.429571
-11.193491,14,26.45857
-9.252676,14,26.536747
-2.380232,7,26.552751
0.945577,1,26.556754
-7.044858,11,26.587749
-10.780238,14,26.615804
-6.142273,14,26.644021
-10.176957,14,26.672019
-7.437666,14,26.700012
-11.612856,14,26.728388
-8.971195,14,26.755358
-12.960291,14,26.832043
0.829165,1,26.837049
-9.532077,14,26.866023
-5.454195,10,26.887024
-3.564847,6,26.900023
-13.084771,14,26.930771
-0.32677,3,26.93876
-12.743555,14,26.966746
-8.02943,14,26.994753
-9.919991,14,27.023794
-7.773782,14,27.100425
0.874298,1,27.103415
0.969899,1,27.106424
-5.718113,11,27.130131
-10.196096,14,27.157136
0.251632,2,27.162161
-3.995894,8,27.178144
-3.508574,8,27.194142
-6.651596,14,27.222184
-5.409535,12,27.245799
-0.684437,4,27.318857
-13.899907,14,27.348556
-2.655609,7,27.363549
-4.410303,10,27.383509
-2.655841,7,27.398525
-1.776731,4,27.408524
-3.807495,6,27.422571
-2.206672,5,27.432748
-1.140687,4,27.441738
-0.096687,3,27.447736
-0.81184,4,27.503746
0.264929,2,27.510745
-8.094778,14,27.540403
-2.636272,7,27.55541
-6.665436,10,27.576403
-1.580057,5,27.587401
-8.633858,14,27.616456
-7.337231,14,27.64807
-1.722389,4,27.658074
-11.952765,14,27.688087
-3.375403,11,27.761294
-11.339815,14,27.79031
-0.053818,2,27.795313
-4.427957,7,27.810294
-12.774021,14,27.836994
-9.371802,14,27.863998
-8.611264,14,27.892989
-7.964915,14,27.925055
-6.763777,14,27.957672
-3.001213,7,27.972669
-12.324937,14,28.049035
0.639513,2,28.055001
0.88705,1,28.058039
-11.113099,14,28.089006
-4.263583,9,28.108005
0.679301,2,28.112998
-11.065333,14,28.142267
-12.071546,14,28.172269
-10.159979,14,28.199269
0.950369,1,28.203272
-8.890652,13,28.273575
-12.328839,14,28.301596
0.638034,2,28.307575
-8.72561,14,28.33572
-1.460489,7,28.349753
-1.942944,7,28.365725
-8.221743,14,28.393725
-9.256053,14,28.4228
-13.765146,14,28.450971
0.363967,2,28.456942
0.850148,1,28.499941
-11.010412,14,28.533566
-2.806144,6,28.546575
-9.449828,14,28.575603
-9.969092,14,28.602582
0.902581,1,28.605573
-0.556178,4,28.614595
-10.307054,14,28.645254
-2.894692,8,28.662278
-12.561697,14,28.691248
-3.488657,6,28.748463
-3.630534,6,28.762486
-10.023831,14,28.790471
-12.739391,14,28.819525
-10.921899,14,28.846665
-0.012237,2,28.85168
0.208958,2,28.857684
-10.829206,14,28.885651
-10.824736,14,28.914658
-9.902152,14,28.943826
-1.652167,4,29.001834
0.948448,1,29.005832
-8.19056,14,29.038117
-9.262961,14,29.067135
-11.307937,14,29.095124
-2.443434,6,29.109124
0.871762,1,29.112126
-6.064498,10,29.133333
-9.675885,14,29.162377
-8.41053,14,29.190344
-12.026542,14,29.272901
0.944348,1,29.276914
0.362139,2,29.282895
-2.68638,7,29.304885
-7.944268,14,29.331531
0.449948,2,29.337572
-0.332946,4,29.345595
-7.487778,14,29.375607
-7.237551,14,29.402583
-10.543287,14,29.43165
-9.242449,14,29.509917
-10.913042,14,29.538202
-2.409184,7,29.55316
-11.112143,14,29.582176
0.851159,1,29.585173
-12.686892,14,29.612159
-1.356489,5,29.623205
-1.73987,5,29.634349
-6.068023,11,29.657386
-8.329383,14,29.685346
-11.840642,14,29.761844
-7.189336,14,29.789851
-9.814758,14,29.817963
-3.506538,7,29.833582
-11.511243,14,29.862573
0.911428,1,29.865578
0.405779,3,29.872583
-3.974258,8,29.888568
-9.454286,14,29.921628
-10.710596,14,29.949916
-10.394203,14,30.028943
-1.380905,8,30.048582
-8.849766,14,30.076566
-1.316846,7,30.090579
0.904396,1,30.093573
-12.919429,14,30.121635
0.900534,1,30.126635
-8.972303,14,30.15624
-13.92125,14,30.183235
-2.21286,10,30.203226
-12.614005,14,30.273967
-3.754063,11,30.297997
-1.520535,5,30.308965
0.982128,1,30.312961
-8.268775,11,30.334645
-0.371289,3,30.342653
0.937188,1,30.345648
-0.601625,3,30.352661
-10.802904,14,30.381645
0.865637,1,30.384645
-11.947007,14,30.461367
0.819352,1,30.465368
-3.330187,10,30.486346
-7.214438,14,30.514353
-1.550681,5,30.525412
-9.863742,14,30.552028
0.993806,1,30.556028
-8.318227,14,30.585025
-8.426208,14,30.614045
-0.168882,3,30.621071
-1.947479,5,30.683747
-11.861368,14,30.71477
-8.672336,12,30.739434
-3.364967,8,30.754427
-12.603045,14,30.784472
-10.199776,14,30.812434
-5.979319,11,30.835637
0.306999,3,30.842625
-5.477683,8,30.860621
-8.503793,14,30.889627
-7.168344,14,30.967
-7.808917,14,30.995
-12.662933,14,31.024029
-2.284766,5,31.03506
-12.373035,14,31.062241
-13.000907,14,31.089229
-2.509004,6,31.102213
-10.060646,14,31.135282
-11.519748,14,31.162428
-12.754081,14,31.18941
-1.976317,6,31.243615
-9.479238,14,31.273627
-2.358009,6,31.286629
-10.87853,14,31.31565
-4.327994,8,31.334718
-2.909092,6,31.347376
-0.053441,2,31.354399
-1.736788,4,31.36437
-8.611167,14,31.391386
-2.740954,8,31.409383
-2.961087,6,31.465146
-1.441206,4,31.476149
-5.992814,8,31.493144
-9.653017,14,31.523202
-10.430426,14,31.551486
0.861216,1,31.555484
-0.369355,3,31.561492
-7.727476,14,31.592521
-1.529296,6,31.606484
-1.505341,4,31.615486
-7.140919,14,31.699212
-10.139078,14,31.728274
0.098082,2,31.733274
-0.485248,3,31.740394
-2.651494,6,31.752401
-12.241703,14,31.779398
-0.008595,2,31.785405
-7.205616,13,31.813394
-3.913492,11,31.835479
-7.988877,14,31.867692
-10.899614,14,31.939908
-3.681333,8,31.956888
-6.010782,14,31.987889
-13.903616,14,32.015887
-3.192554,9,32.034996
-3.106306,9,32.054121
-2.951758,10,32.07516
-12.533941,14,32.104137
-9.169594,14,32.13324
-13.77248,14,32.160323
-8.672498,14,32.2334
0.204581,2,32.239603
0.9185,1,32.242576
-2.24215,6,32.255581
-1.132874,3,32.263598
-8.926176,14,32.290576
0.97661,1,32.294605
-7.336187,14,32.321595
-0.982217,3,32.32867
-6.089728,9,32.347899
-0.95328,3,32.407897
-6.536031,14,32.440156
-2.323023,5,32.451165
-6.625086,11,32.47314
-10.44161,14,32.501147
-2.096318,6,32.514144
-3.753544,6,32.52622
0.995125,1,32.5302
0.119286,2,32.535206
-1.477061,4,32.544544
-0.617983,4,32.599581
0.977756,1,32.604569
-9.395879,14,32.634635
0.869525,1,32.639251
-2.864204,5,32.649263
-3.913614,9,32.667251
-1.352527,4,32.676283
-4.963991,10,32.699251
-10.390469,14,32.725305
-0.494395,3,32.732294
-2.710429,5,32.789551
-11.441571,14,32.818551
-2.25945,6,32.831604
-0.24188,4,32.840843
0.402751,3,32.847848
-6.579482,11,32.86985
0.648489,2,32.874885
0.926969,1,32.878852
-0.192846,3,32.885857
-4.062765,7,32.901874
-10.081911,14,32.984536
-7.975702,14,33.012519
-5.290097,12,33.036559
0.92101,1,33.040212
-13.265829,14,33.067183
-3.996855,7,33.083188
-2.85926,6,33.097176
-0.378987,4,33.106185
-2.097679,5,33.118185
-7.048476,14,33.147427
-8.198268,14,33.222434
-0.468493,3,33.230511
-12.365305,14,33.259613
0.768522,2,33.264632
-5.300221,12,33.288627
-10.821331,14,33.316645
-8.440994,14,33.344391
0.975103,1,33.347386
-8.644976,14,33.376373
-0.490028,4,33.389382
-4.196806,9,33.45804
-1.382292,4,33.467032
-2.140396,7,33.482051
-1.6492,6,33.495035
-9.770352,14,33.522039
-10.971919,14,33.550251
-5.269027,12,33.575254
-3.032262,9,33.594276
0.334515,2,33.599248
-8.518605,14,33.626315
-8.67559,14,33.696025
-11.630522,14,33.723014
-2.723485,10,33.742674
-0.319454,3,33.749671
0.222983,2,33.754678
-10.169131,14,33.782682
-0.127065,3,33.791684
-8.341683,14,33.819665
-10.207008,14,33.847362
-9.865482,14,33.874351
-10.613642,14,33.954129
-4.86049,9,33.973125
-5.347694,9,33.992107
0.885083,1,33.996137
-10.876612,14,34.024117
-6.606634,14,34.054768
-0.267626,3,34.061761
-9.283446,14,34.090779
-8.479734,14,34.117793
-12.733084,14,34.145526
-13.13485,14,34.217491
0.012757,2,34.223486
-9.735424,14,34.251094
0.034248,2,34.257088
-12.65628,14,34.283098
-6.652956,13,34.309083
-6.676829,14,34.33818
-10.177535,14,34.370788
-3.513781,8,34.3878
-5.600764,12,34.413795
-2.570361,7,34.470613
-2.623798,5,34.483633
-2.008943,6,34.496605
-5.167438,12,34.521603
-4.291676,9,34.53966
-5.926547,10,34.560278
0.021546,2,34.565284
-7.587882,14,34.595296
-7.149858,14,34.622284
-4.814298,11,34.645501
-5.239675,12,34.718498
-7.960073,14,34.74869
-1.448217,4,34.757699
0.862778,1,34.760704
-10.582643,14,34.788679
-7.803781,14,34.815676
0.834733,1,34.819677
-10.359813,14,34.847099
-8.909601,14,34.876115
-8.471038,14,34.903108
-11.30473,14,34.984792
-2.728585,8,35.002787
-1.309556,5,35.013785
0.044897,2,35.018793
0.871644,1,35.021826
0.836272,1,35.024794
0.163373,3,35.032865
-7.502396,14,35.062127
-7.32228,14,35.091127
-10.688162,14,35.119127
-1.088341,6,35.186885
-11.22619,14,35.21885
-12.19475,14,35.245485
-7.174082,14,35.27248
0.867112,1,35.27652
-0.738849,5,35.286482
-10.918125,14,35.316497
-11.329096,14,35.344702
-0.091462,3,35.351702
-12.755608,14,35.379722
-0.66663,4,35.436756
-2.330427,5,35.454171
0.956614,1,35.459178
0.895165,1,35.463176
-9.844721,14,35.499178
0.254402,3,35.508178
-0.257754,4,35.521202
0.949363,1,35.52721
-0.382199,4,35.539266
0.845637,1,35.542268
-3.714644,7,35.620874
-9.441396,14,35.650058
-1.608213,6,35.663057
0.836377,1,35.66605
-9.632325,14,35.694071
-12.785629,14,35.722048
0.080317,3,35.729052
-11.574518,14,35.756227
-10.975753,14,35.784264
-8.007431,14,35.811227
-9.907777,14,35.888483
-13.619589,14,35.918468
-10.132015,14,35.944504
-4.279053,10,35.965647
-8.816179,14,35.992671
-8.865991,14,36.019648
-10.590564,14,36.048946
-9.601539,14,36.077949
-1.829171,5,36.090948
-10.813836,14,36.121977
-0.651845,4,36.190715
-4.718224,11,36.214706
-9.120669,12,36.238743
-4.352236,8,36.256413
-2.604144,7,36.270383
-13.700779,14,36.29638
-6.588922,12,36.321395
-13.287296,14,36.34954
-11.538795,14,36.37859
-13.254457,14,36.407549
-9.285085,14,36.483819
-3.525189,8,36.500787
-1.136951,5,36.511787
-10.072421,14,36.537842
-13.719791,14,36.566953
0.835695,1,36.569949
0.841022,1,36.573942
-13.934153,14,36.601949
-7.354607,14,36.629947
-7.873993,14,36.65921
-1.172563,5,36.710243
-6.777314,14,36.741261
-3.925423,10,36.760396
-0.567062,3,36.767365
-2.783355,7,36.781398
0.15328,2,36.786381
-3.720284,7,36.800363
-1.277785,4,36.809365
0.831525,1,36.812383
0.501883,2,36.818376
-8.313438,14,36.903081
-0.381571,3,36.911081
-0.357798,4,36.921081
-11.236284,14,36.949748
-10.67419,14,36.979748
-2.192236,7,36.995764
-5.433348,10,37.015752
-1.090069,3,37.023745
-8.489983,14,37.05294
0.529642,2,37.057938
0.548517,2,37.112937
-9.73142,14,37.145995
-12.937683,14,37.175615
-12.736318,14,37.202612
-2.347362,8,37.218602
-0.26233,3,37.225609
-2.649974,8,37.244674
-10.678066,14,37.271274
-10.003968,14,37.299292
-10.40882,14,37.326303
-9.156747,14,37.403718
-7.759556,14,37.432801
-10.187701,14,37.460421
-3.253267,8,37.485445
0.873947,1,37.488424
-3.387294,8,37.505421
0.032591,2,37.510441
-2.346301,6,37.522414
-1.307843,4,37.531414
-0.131668,2,37.536514
0.933184,1,37.587173
-2.87484,8,37.608174
0.989888,1,37.611174
-12.997711,14,37.640214
-11.413156,14,37.66885
-9.999681,14,37.697875
0.169633,3,37.704879
0.207308,2,37.709843
-11.700883,14,37.736903
-2.523926,7,37.751235
-13.216256,14,37.832251
-10.91965,14,37.860475
-11.346985,14,37.886481
-13.04835,14,37.91546
-2.74842,11,37.93854
-7.11298,14,37.966647
-5.921397,14,37.994645
-12.866037,14,38.021656
-12.678024,14,38.048713
-9.935301,14,38.075921
-8.050671,14,38.154242
-8.937312,14,38.182208
0.892275,1,38.185208
0.599537,2,38.191208
-3.191794,9,38.210197
-2.694084,7,38.225197
-1.100127,3,38.233206
-2.848816,6,38.246255
-8.635805,14,38.274393
-1.15416,4,38.284419
-8.831896,14,38.357573
-9.214132,12,38.381574
-3.000654,7,38.396611
-3.061236,8,38.414572
-2.645508,5,38.425572
-8.146345,11,38.447629
-9.396989,14,38.475908
-5.738766,13,38.501884
0.097009,2,38.507894
-10.597817,14,38.534966
-1.609505,5,38.590281
-1.054523,5,38.603281
-1.266413,4,38.612281
-7.929732,14,38.640402
-10.251427,14,38.671108
-4.85238,10,38.692106
-1.628451,4,38.702095
0.821997,1,38.706075
0.062162,2,38.711099
-9.304445,14,38.739158
-13.255106,14,38.812783
-3.694545,9,38.832776
-3.015564,7,38.848842
-2.30155,6,38.862479
0.899808,1,38.866476
-1.303787,5,38.877462
-4.953442,8,38.895466
-1.072956,5,38.906473
-7.944922,14,38.936558
-12.812534,14,38.964708
-10.000163,14,39.049738
0.083866,3,39.056404
0.207222,2,39.061411
-8.742717,14,39.087402
-7.714178,14,39.115409
-0.007898,4,39.125438
0.901725,1,39.128411
-8.058023,14,39.155128
-2.940335,7,39.170104
-2.967076,7,39.184111
-4.951255,13,39.256265
-13.063425,14,39.285297
-9.652692,14,39.314262
-12.950344,14,39.343364
0.822656,1,39.346322
-0.807968,5,39.357486
0.830137,1,39.360485
-8.080741,14,39.389481
-11.160358,14,39.417501
-11.77453,14,39.445524
-7.260063,14,39.522658
-10.21853,14,39.549717
-7.776368,14,39.577801
-8.798413,14,39.604801
-7.75013,14,39.630795
-7.789105,11,39.655044
-0.083024,2,39.660058
-8.814898,12,39.686051
-11.965606,14,39.714047
-1.895135,7,39.729053
-10.682242,14,39.808809
-6.864719,12,39.834788
0.314197,3,39.841872
-9.177981,14,39.869517
-5.909587,11,39.891503
-0.637623,4,39.899508
-8.973596,14,39.932514
-0.119916,3,39.94056
-8.236138,14,39.968695
-8.723967,14,39.997696
-1.935761,6,40.060856
0.004517,2,40.06787
-9.089132,14,40.096853
0.822558,1,40.099876
-0.551556,3,40.106867
-10.315315,14,40.134847
-12.987535,14,40.162242
0.893324,1,40.166244
-12.068225,14,40.194226
-0.339072,3,40.201224
-4.671872,11,40.275912
-6.857596,12,40.299906
-2.801722,6,40.312912
-0.254343,3,40.320916
-12.275055,14,40.350956
0.252421,2,40.357074
-12.126269,14,40.386065
-2.409987,8,40.402074
0.134061,2,40.409079
0.102689,2,40.414078
-5.287213,9,40.488496
-9.144004,14,40.518486
-6.928261,9,40.53649
0.86382,1,40.539541
0.844545,1,40.543546
-4.210211,8,40.560205
-6.918334,10,40.579201
0.950557,1,40.582228
-8.707674,14,40.610192
-10.173851,14,40.640258
-0.189796,3,40.693404
-3.117125,9,40.714395
0.104577,2,40.720368
0.537863,2,40.725399
-8.234896,14,40.754656
-1.63235,5,40.764626
-1.219878,5,40.775626
-8.799859,14,40.802625
-7.409312,14,40.830625
-9.317303,14,40.859963
-1.840468,4,40.915943
-0.047258,2,40.925945
-13.16106,14,40.957105
-13.353386,14,40.985121
0.681378,2,40.991106
-5.444171,8,41.007123
-6.633779,14,41.034146
-9.283838,14,41.06176
-12.053368,14,41.090756
-13.45134,14,41.11876
-3.861077,7,41.181494
-0.981853,4,41.191484
-9.737798,14,41.219467
-10.22092,14,41.247784
-1.980139,4,41.257413
-3.996139,8,41.273437
-1.679669,6,41.285413
-2.270807,5,41.297413
-8.011134,14,41.324432
0.060011,2,41.330412
-7.119778,14,41.403167
-6.108271,14,41.432156
-11.876237,14,41.46032
-11.844585,14,41.487304
-10.451932,14,41.515312
-10.326209,14,41.542364
-13.112698,14,41.569686
-9.156375,14,41.59665
-6.989418,14,41.624654
0.550449,2,41.629642
-2.38762,7,41.690294
-7.252522,11,41.7143
0.10238,2,41.719303
-0.411037,4,41.728309
-2.497016,7,41.743351
-0.122078,2,41.748357
-1.863247,4,41.757623
-8.124891,14,41.784632
-8.635387,14,41.812632
-1.483353,4,41.821623
-0.150671,2,41.872908
-5.163485,12,41.898902
-11.717547,14,41.929913
-3.174512,8,41.945999
-10.676188,14,41.974106
-2.465874,6,41.9881
-3.198806,6,42.001097
0.002154,3,42.008099
-2.845587,7,42.023097
-9.863464,14,42.050154
-0.103542,5,42.10381
-0.652635,4,42.114809
-4.713415,7,42.130803
-2.905619,6,42.143872
-4.207803,13,42.170513
-9.216958,14,42.198497
-9.161063,14,42.226509
-11.631044,14,42.254565
-12.013917,14,42.283726
-10.321815,14,42.312719
-1.289975,4,42.365008
0.884436,1,42.368001
-9.515013,14,42.398016
-11.066317,14,42.429037
0.178163,2,42.435019
-9.861293,14,42.463756
-10.969661,14,42.49178
-12.311726,14,42.519792
-0.789494,3,42.527782
-0.666369,4,42.537771
-7.079973,14,42.615439
0.822063,1,42.621471
-7.756636,14,42.649481
-11.853551,14,42.67763
-11.363979,14,42.705634
-12.41839,14,42.733621
-4.108443,7,42.749666
0.289484,2,42.754664
-13.815052,14,42.78178
-3.755459,9,42.799775
-9.923335,14,42.878058
-6.053291,11,42.900042
-10.605413,14,42.930046
-7.011554,11,42.952097
-7.900032,14,42.978588
-1.391475,4,42.987587
-0.731113,3,42.995585
-11.768543,14,43.023576
-4.005778,8,43.039592
-1.191877,6,43.052654
-3.774757,8,43.112285
-0.014677,2,43.117281
0.111554,2,43.123281
-9.522065,14,43.151336
-0.970236,5,43.163509
-8.453462,14,43.190516
-8.049032,14,43.218541
-1.374164,5,43.230502
-1.221846,4,43.239528
-10.103567,14,43.266253
0.820074,1,43.322257
-0.099755,2,43.330294
-1.478601,4,43.341257
-3.360415,7,43.357341
-8.576638,14,43.385982
-1.115143,4,43.394973
0.090465,3,43.401987
-8.104834,14,43.43201
-12.14958,14,43.462182
-0.293013,3,43.470224
-13.127624,14,43.545235
-0.930432,5,43.55626
-7.630098,10,43.576427
-8.484388,14,43.603408
-4.495316,10,43.623418
-2.375544,6,43.635451
-11.08345,14,43.666189
0.853748,1,43.670186
0.871298,1,43.673162
-9.031344,14,43.70218
-1.036966,3,43.753231
-1.042947,5,43.766901
-1.558659,5,43.778917
-3.641601,9,43.796883
0.996546,1,43.799883
-1.273376,5,43.810883
0.851836,1,43.813876
-10.437358,14,43.840882
0.182549,3,43.847981
-8.363267,14,43.879075
-1.36899,4,43.930087
0.04217,2,43.93711
-11.53406,14,43.965473
0.110072,2,43.97043
-8.028275,14,43.998437
-1.982617,6,44.01044
-3.791219,7,44.024439
-5.694291,8,44.041428
-4.091343,10,44.062608
0.111402,2,44.068617
-1.050965,3,44.1226
0.899392,1,44.126604
-10.618528,14,44.156687
-0.28501,3,44.163909
-6.164666,13,44.190881
-4.598806,11,44.213859
0.855268,1,44.216846
-0.463108,3,44.223853
-11.08215,14,44.251895
-8.352379,14,44.279063
-11.014449,14,44.365282
-1.498388,4,44.373275
-12.954325,14,44.400297
-10.617353,14,44.429281
0.815576,1,44.433281
-9.007351,14,44.461387
-9.84727,14,44.489542
-4.248678,9,44.508509
-3.573677,8,44.526514
-10.878217,14,44.555554
-4.622203,14,44.630181
-0.492881,3,44.638204
0.05102,3,44.646167
-10.53712,14,44.675907
0.875783,1,44.678888
-8.253403,14,44.706881
-6.030642,10,44.727889
-10.771848,14,44.754017
-8.081978,12,44.779217
-2.381021,7,44.79324
-10.237658,14,44.865884
-0.163673,4,44.875916
-11.710249,14,44.902884
-9.825878,14,44.931918
-8.381359,14,44.95895
-9.795922,13,44.98456
-8.75286,14,45.013565
-11.760332,14,45.046565
0.962395,1,45.050654
-9.474612,14,45.081052
-6.092185,14,45.160107
-2.750938,9,45.179757
-9.912701,14,45.207756
-1.623798,4,45.216782
0.913839,1,45.219758
-11.760551,14,45.248804
-0.888585,3,45.255811
0.008089,2,45.260802
-11.491824,14,45.289154
-12.405746,14,45.318177
-0.970902,3,45.369833
-3.367556,8,45.388833
-10.561048,14,45.417833
-7.855676,14,45.444837
-10.114775,14,45.471992
-2.39261,8,45.488017
-6.84996,14,45.514992
-0.521896,3,45.523992
-1.808156,5,45.53499
-10.413559,14,45.564187
-0.066277,2,45.619187
-12.662062,14,45.650247
-8.09398,14,45.678386
-13.353859,14,45.706396
-12.354137,14,45.733398
0.879786,1,45.736398
-10.631391,14,45.764706
-12.070867,14,45.792697
0.834179,1,45.795706
-1.152307,6,45.808697
-2.679585,7,45.865963
-1.230642,5,45.877958
-9.260205,14,45.907972
-1.145015,5,45.919984
-4.019994,7,45.935984
-7.902517,11,45.958054
-11.697935,14,45.984705
-11.529606,14,46.012706
-8.16114,14,46.041705
-8.558111,14,46.068392
-12.790249,14,46.141404
0.767991,2,46.147402
-11.158983,14,46.176643
-2.527809,7,46.190643
-0.937926,3,46.198646
-11.784269,14,46.226643
-6.268578,12,46.250694
-12.678199,14,46.277885
-0.909015,6,46.289865
-8.843361,14,46.316868
-0.131626,2,46.372281
-8.398393,14,46.441313
-12.179011,14,46.489994
-8.345839,13,46.540998
-13.606207,14,46.597274
0.120717,2,46.603255
-5.397268,13,46.63929
-0.018509,3,46.651369
-12.653672,14,46.699056
-12.725966,14,46.727064
0.890784,1,46.777754
0.81781,1,46.781749
-11.98698,14,46.812742
-0.525604,3,46.81975
-10.616872,14,46.846742
-13.512596,14,46.874101
-4.16586,10,46.894074
-1.669024,5,46.904077
-10.843687,14,46.933078
-2.99654,9,46.954131
-0.619466,3,47.005808
-1.575793,6,47.025787
0.984203,1,47.02879
-3.422036,9,47.047805
0.370964,2,47.051872
-10.052083,14,47.078422
-2.923765,7,47.091428
0.198012,2,47.096417
0.316084,2,47.101424
-10.055585,14,47.128453
-0.165201,3,47.180786
-0.75972,3,47.188747
-5.768016,12,47.211783
-8.17246,14,47.239754
0.0735,2,47.244745
0.909488,1,47.246757
-2.063118,6,47.259787
-0.037371,2,47.263796
-7.323328,14,47.290995
-2.265471,7,47.306023
-8.772865,14,47.382327
-2.097828,6,47.394315
-1.011043,3,47.400346
-8.193613,13,47.426318
0.977118,1,47.430324
-10.837155,14,47.456419
-7.900967,14,47.484504
-5.438945,11,47.506511
-13.14339,14,47.533525
-5.779831,10,47.552536
-1.293138,4,47.608144
-7.524975,14,47.641128
-1.491101,5,47.652133
-9.607264,14,47.680839
-2.89838,9,47.698855
-0.087942,2,47.703816
-13.070688,14,47.733816
-4.209898,8,47.753868
-2.92703,6,47.769152
-13.529215,14,47.797169
-3.079512,7,47.859252
-0.036254,3,47.868896
0.190605,2,47.874896
-0.438801,3,47.883924
-6.525152,14,47.912894
-7.879073,14,47.939888
-0.32845,3,47.94789
0.999718,1,47.950897
-1.733017,7,47.966947
-3.276152,8,47.984571
-0.740429,4,48.034574
-0.094596,3,48.044587
0.312139,2,48.050567
-0.129655,3,48.057659
0.998848,1,48.061659
0.558208,2,48.066659
-8.776497,14,48.095306
0.599143,2,48.101299
-3.956812,9,48.121317
-11.482356,14,48.149306
-9.693657,14,48.226762
-1.390292,4,48.236764
0.816047,1,48.23977
-11.371348,14,48.268461
-4.56611,11,48.291518
-0.028007,2,48.297508
-0.055651,3,48.304528
-4.650065,8,48.320541
-0.337385,3,48.327533
-6.985599,14,48.356575
-1.276638,5,48.415189
-9.612215,14,48.443181
0.917246,1,48.447206
-9.127733,14,48.474906
-3.764144,7,48.488906
-4.692478,11,48.509904
-0.713689,6,48.523929
-11.197747,14,48.551899
0.005477,3,48.558962
-9.539159,14,48.587223
-9.730242,14,48.657331
-13.40796,14,48.685532
-5.641584,13,48.711525
-3.51303,9,48.729538
-11.73241,14,48.757577
-9.166084,14,48.786745
-1.581051,5,48.797709
-0.128483,3,48.805707
-11.461237,14,48.835732
-4.281775,8,48.852757
-8.37638,14,48.934975
-6.895667,10,48.955067
-3.111147,8,48.971252
-7.859676,14,48.999255
-7.388018,14,49.026257
-1.284255,4,49.036257
-1.278918,5,49.046257
-9.441931,14,49.074438
-0.249619,3,49.082469
-1.569612,6,49.095434
0.359056,3,49.148438
-0.227884,3,49.158488
-4.520377,10,49.180604
0.922367,1,49.184566
-1.228298,4,49.194557
-8.304595,14,49.221566
-0.078428,3,49.228566
-8.994341,14,49.255559
-13.085259,14,49.283746
-13.269379,14,49.311755
-7.345526,14,49.388054
-2.192891,5,49.400057
-0.892144,4,49.410058
-0.333394,3,49.417053
-8.689789,11,49.440088
-3.846079,8,49.455068
-0.275201,3,49.463137
-9.578812,14,49.489293
-0.500132,3,49.496309
-3.862412,7,49.511309
0.951566,1,49.553288
-3.033139,9,49.574579
-0.003425,2,49.579581
-3.519698,10,49.600559
-2.713557,6,49.61355
-6.507015,12,49.636559
-1.464372,4,49.645552
-11.760584,14,49.674227
-11.241014,14,49.702232
-3.587627,9,49.722214
-6.051686,9,49.78493
-0.294023,3,49.792883
-9.919778,14,49.820891
-12.934278,14,49.847923
-1.397378,4,49.856937
-9.918612,14,49.887159
-6.176452,13,49.916125
-2.542026,7,49.931142
0.112676,3,49.939132
-2.027282,6,49.95313
-13.079388,14,50.025439
-8.964048,14,50.053431
-11.126294,14,50.080632
-11.628089,14,50.107666
-10.296275,14,50.136637
-9.191329,14,50.164689
-3.6464,6,50.179873
-7.851995,14,50.20787
-10.37646,14,50.235888
-4.271549,11,50.256864
-11.675713,14,50.328583
-0.117655,3,50.335625
-13.043406,14,50.362705
-9.561544,14,50.389274
-5.337461,12,50.414274
-1.181477,6,50.426267
-4.876571,9,50.444272
0.178182,3,50.451274
-7.573705,13,50.477955
-3.265761,6,50.490931
-2.134088,7,50.550956
-11.199266,14,50.579615
0.840427,1,50.583622
-0.834943,3,50.590618
-12.711056,14,50.617613
-4.651043,9,50.636618
-5.768127,14,50.6657
-2.753338,6,50.679008
-11.359003,14,50.705994
-2.553338,5,50.719036
-11.064829,14,50.79466
-8.003248,14,50.822704
-2.710051,6,50.834687
-0.708367,4,50.842661
0.951045,1,50.846667
-0.27137,3,50.853667
-9.966955,14,50.881323
-9.871256,14,50.911326
-13.557368,14,50.94034
0.12203,2,50.946323
-11.198404,14,51.026102
-5.921396,10,51.046067
-1.804695,6,51.058108
-0.493437,3,51.066126
0.947344,1,51.069117
-2.658948,5,51.07971
-11.989138,14,51.106735
-0.047839,2,51.112741
-0.169777,2,51.120732
-8.059605,14,51.149813
-12.857523,14,51.227141
-2.815329,8,51.250111
-13.762161,14,51.280333
-12.230868,14,51.320335
-12.367823,14,51.349334
-11.028,14,51.377568
-6.720241,14,51.404539
-2.293094,7,51.420537
-5.275537,13,51.445543
-7.215814,14,51.474639
-0.969279,4,51.531822
-12.925553,14,51.561876
-4.304451,8,51.580039
0.546197,2,51.58605
-3.155797,6,51.599035
-1.619221,6,51.613034
-0.779652,4,51.624035
-1.628041,6,51.637041
0.004132,2,51.642061
-1.416182,4,51.651042
-12.031399,14,51.730286
-12.410724,14,51.759305
-0.812366,5,51.769368
-1.057986,7,51.784464
-1.928601,5,51.794451
-1.422109,5,51.805468
-13.355459,14,51.831455
0.884642,1,51.835458
-11.853199,14,51.861458
-10.044829,14,51.891643
-10.791113,14,51.974703
-1.795921,4,51.983855
-1.863027,6,51.996859
0.134898,2,52.002859
0.459539,2,52.008881
-3.018559,6,52.021857
0.020147,2,52.026888
-1.500235,6,52.039856
-10.492795,14,52.068957
-3.0114,8,52.085025
-1.289032,4,52.142025
-2.445586,7,52.157036
-0.907677,3,52.164136
-6.607802,14,52.191836
-10.745244,14,52.21882
-9.112563,14,52.246813
-10.656623,14,52.274869
-2.224624,5,52.284492
-10.348893,14,52.314492
0.948734,1,52.317509
-10.12114,14,52.394751
-6.968708,14,52.424751
-12.588176,14,52.452754
-0.279884,3,52.459742
0.838446,1,52.462751
-4.022477,11,52.485917
-13.210258,14,52.511914
0.952167,1,52.514919
-3.120928,7,52.529926
-12.803663,14,52.559919
-10.477295,14,52.633182
-12.890781,14,52.66217
-8.834558,14,52.69044
-2.969888,7,52.705442
-12.208723,14,52.73544
-2.290143,5,52.746431
-3.370996,6,52.759444
-7.466126,14,52.787881
-1.021571,3,52.794876
-1.586395,5,52.805881
-11.737642,14,52.88361
-0.34034,3,52.890636
-1.143491,5,52.901603
-3.19763,6,52.916611
0.686111,2,52.921608
-3.325513,6,52.93461
-4.993495,8,52.95161
-0.147834,2,52.956633
-2.577284,5,52.968669
-2.541666,6,52.983933
-12.568243,14,53.056927
-8.205776,14,53.087151
-9.136585,14,53.116145
0.935635,1,53.119195
0.813482,1,53.123152
-9.123896,14,53.151155
-6.37047,14,53.179198
-0.065257,2,53.185304
-2.480757,7,53.200302
0.90451,1,53.203308
-11.454755,14,53.279387
-9.592551,14,53.308533
-2.462925,5,53.319522
0.343677,2,53.324522
-1.579778,6,53.336522
-10.40085,14,53.363524
0.868798,1,53.367587
-5.418972,9,53.386819
-8.451346,14,53.417797
-9.986725,14,53.444803
-9.181497,14,53.521252
-3.315056,6,53.535261
-7.26831,14,53.562267
0.889475,1,53.56531
-10.285836,14,53.592905
-5.42973,9,53.610912
-11.70463,14,53.639912
-5.539888,8,53.655912
-10.201887,14,53.686067
-5.533662,10,53.707054
-8.98916,14,53.786447
-13.69591,14,53.814427
-8.33278,14,53.841423
-1.81898,4,53.850423
-1.356634,4,53.85943
-3.603691,8,53.876496
-0.341684,3,53.883644
-6.265776,12,53.907612
-7.220439,14,53.937606
-0.499667,3,53.944603
-8.643755,14,54.021951
-3.113224,6,54.03597
-2.719309,8,54.05195
-0.171219,3,54.058988
-10.26182,14,54.086253
-1.068091,4,54.095275
-4.508912,10,54.119256
0.955533,1,54.122262
0.998477,1,54.126262
-0.022542,2,54.13227
0.966916,1,54.178357
-2.21892,5,54.191569
-0.017745,2,54.19757
-9.208196,14,54.226594
-3.624958,9,54.244576
-10.835693,14,54.271659
0.836821,1,54.274632
-10.737282,14,54.302835
-2.812643,7,54.317841
-0.699359,3,54.324841
-4.488052,8,54.387026
-3.175233,9,54.407026
-5.176247,11,54.43005
-8.504034,14,54.458038
-9.483481,14,54.484705
-1.842552,5,54.496725
-0.937462,4,54.505728
-2.315637,7,54.519709
-8.845521,14,54.5467
-1.446556,5,54.557702
-6.216669,11,54.626399
-11.312569,14,54.655392
-9.616979,14,54.684716
-4.610557,9,54.702729
-1.516736,5,54.71372
-4.341929,10,54.73472
-2.946232,6,54.747716
-1.385268,5,54.757711
-2.905677,6,54.769764
-1.100199,5,54.780786
-8.173983,11,54.848087
-12.044678,14,54.876099
-5.163163,11,54.897725
-0.57712,4,54.907725
-12.569773,14,54.936718
-10.971766,14,54.963722
0.89027,1,54.967713
-12.127069,14,54.994402
0.905534,1,54.998358
-12.453616,14,55.026415
-6.819709,13,55.09613
-0.008744,2,55.101165
-2.805018,6,55.115119
-10.371234,14,55.143118
-6.132058,12,55.168158
-0.645007,3,55.175239
-10.078303,14,55.206423
0.87572,1,55.21043
-6.353095,9,55.228423
-9.511864,14,55.25543
0.491857,2,55.301864
-9.009415,14,55.332828
-0.895458,4,55.340856
-2.376561,5,55.351828
-9.003927,14,55.380875
-8.32913,14,55.410458
-5.2951,8,55.427462
0.829545,1,55.431455
-8.908,12,55.454455
-11.152532,14,55.483512
-0.964497,5,55.539663
-7.911427,14,55.566661
-13.239263,14,55.593845
0.841138,1,55.597845
-13.313987,14,55.625842
-8.5193,14,55.654867
-12.988597,14,55.682917
-5.527784,14,55.71101
-8.965009,14,55.738012
-13.425838,14,55.766042
-8.885134,14,55.844193
0.456641,2,55.850204
-10.523097,14,55.878284
-4.917082,9,55.896428
-7.227439,11,55.919442
-11.538478,14,55.946456
-3.250425,7,55.961471
-13.238496,14,55.98964
-9.633672,14,56.017637
-0.072262,3,56.024643
-0.854238,4,56.072714
-12.61571,14,56.102844
-10.315118,14,56.130814
-5.915333,10,56.149798
-6.119554,13,56.176901
-10.794547,14,56.206968
0.810316,1,56.209974
-7.491421,14,56.238975
-0.775136,4,56.248012
-0.549492,4,56.256978
-9.17439,14,56.337713
-7.189857,14,56.3657
-5.829862,10,56.388432
-4.025721,9,56.40843
0.466739,2,56.413458
-12.005805,14,56.441426
-6.381699,14,56.469444
-0.623833,3,56.477523
-0.052414,3,56.485518
-0.742816,4,56.493903
-11.969516,14,56.575977
-5.168473,10,56.596617
-7.255485,14,56.62361
-4.980324,9,56.64162
-2.90491,10,56.662616
-11.432342,14,56.691821
0.175419,2,56.696817
-9.418837,14,56.723821
0.881846,1,56.727821
-12.615976,14,56.75583
-6.262619,12,56.821562
-0.618996,5,56.833554
-4.588513,13,56.859586
-9.798747,14,56.886194
0.933582,1,56.890244
-2.196489,6,56.902242
-5.595526,9,56.92424
-8.748201,14,56.952247
-10.917788,14,56.979349
-1.231581,4,56.988549
-3.611153,10,57.054629
0.938385,1,57.058622
-3.818215,7,57.074325
-0.115367,3,57.081314
-8.957612,14,57.108554
-8.864174,14,57.136533
0.882736,1,57.139533
-7.626584,14,57.170536
-2.328234,6,57.1836
-10.526287,14,57.210845
0.86703,1,57.262825
-2.785417,6,57.279878
-3.320395,6,57.294116
-0.742202,3,57.302089
-9.346688,14,57.331111
0.107315,2,57.33809
-10.799108,14,57.366096
-11.013214,14,57.392807
-2.314751,6,57.405778
0.834233,1,57.40981
-2.0035,6,57.467807
-9.194529,14,57.498475
-4.877728,10,57.517481
-11.08807,14,57.545488
-11.770508,14,57.573572
-9.021693,14,57.601681
-4.15054,7,57.615686
-1.199538,4,57.625681
-10.697888,14,57.652674
-8.994122,14,57.680733
-5.36633,11,57.754548
-12.929196,14,57.782624
-9.16336,14,57.810813
-12.995561,14,57.838811
-12.707768,14,57.868813
-5.346612,13,57.894192
0.97124,1,57.897199
-10.367641,14,57.927226
-10.465637,14,57.955196
-10.284548,14,57.982265
-0.474576,3,58.032393
-8.69377,14,58.062389
0.906869,1,58.066431
-5.834754,14,58.095603
-1.26388,4,58.104578
0.89318,1,58.107582
-6.902757,14,58.134576
-11.360331,14,58.164593
-7.891563,14,58.192861
-8.588087,14,58.220868
-3.294,7,58.280957
-3.417515,6,58.29809
0.835934,1,58.304084
0.596066,2,58.311085
-12.505423,14,58.342109
-11.304588,14,58.373188
-2.106234,6,58.386343
-9.858136,14,58.416334
-0.066439,2,58.422361
-9.923661,14,58.451343
-9.093507,14,58.530057
-2.820946,6,58.54605
-3.890073,7,58.560051
-5.814772,8,58.577116
-0.693579,3,58.584114
-8.919874,14,58.612276
-0.046026,2,58.616271
-11.068093,14,58.648276
-11.981126,14,58.675331
-0.914625,4,58.685334
-11.652204,14,58.75396
-5.416529,10,58.775011
-1.525127,6,58.787019
-12.102411,14,58.815614
-8.403479,14,58.84361
-2.071071,7,58.858631
-4.676871,12,58.881658
-1.719831,5,58.89277
-1.24201,4,58.902769
-9.929616,14,58.930746
-12.543855,14,59.009438
-9.124043,14,59.037429
-9.549169,14,59.065431
-9.73743,14,59.092093
-10.545988,14,59.121083
-10.869316,14,59.149128
-6.988099,14,59.177142
-1.988047,4,59.186136
-0.003249,2,59.192457
0.862382,1,59.196463
-0.696729,3,59.244467
-7.205228,14,59.274461
-3.681735,7,59.294143
0.207351,2,59.29914
-0.91317,4,59.308143
0.40694,2,59.313156
-3.562009,9,59.332172
-10.296834,14,59.360147
-8.762127,12,59.385229
-0.773473,4,59.395481
0.298235,3,59.451452
-0.237892,3,59.462459
-1.556602,4,59.472492
-12.781804,14,59.499634
0.855682,1,59.503641
0.811964,1,59.506648
-1.815824,6,59.522648
-10.113573,14,59.549641
-8.494637,14,59.576748
-0.729803,5,59.58772
-5.492851,11,59.664975
-12.471859,14,59.694273
-5.090997,11,59.716279
-8.490744,14,59.743271
-1.609183,5,59.754234
-9.574242,14,59.781334
-12.816569,14,59.809496
-0.116687,3,59.816483
-1.322211,5,59.827478
-11.711344,14,59.854478
-10.481495,14,59.9307
-8.086908,14,59.959707
-10.615816,14,59.98682
-11.558287,14,60.014136
-9.41835,14,60.044098
-9.388467,14,60.072087
-11.540821,14,60.100749
-1.275639,4,60.109752
-0.818078,3,60.116754
-11.488671,14,60.14475
-1.515735,6,60.207476
-10.456759,14,60.235494
-12.676794,14,60.263448
-5.89299,10,60.282563
-9.267244,14,60.310172
0.207611,2,60.318177
-3.889691,11,60.339196
-13.295448,14,60.367182
-12.118894,14,60.395338
0.313762,2,60.400338
0.818568,1,60.44434
0.876849,1,60.448337
-5.804562,12,60.476352
-9.257742,14,60.504554
-11.438052,14,60.531512
-8.904648,14,60.558503
0.811827,1,60.562501
-9.924,14,60.58956
-8.070347,14,60.618659
-8.172827,14,60.647647
-11.267318,14,60.722345
-2.100981,5,60.73434
-10.397853,14,60.762343
-10.00358,14,60.790401
-4.785657,9,60.809044
-2.1589,5,60.82003
-9.23336,14,60.848067
-5.051375,11,60.871035
-8.400981,14,60.898287
-9.02131,14,60.92628
-9.50654,14,61.00501
-9.830939,14,61.033978
0.832643,1,61.037993
-3.897584,8,61.052996
-8.172097,14,61.08004
0.862866,1,61.083068
-4.001456,7,61.097662
-12.692313,14,61.126653
-8.05026,14,61.152659
-10.130163,14,61.180746
-10.339142,14,61.25738
-7.991045,14,61.286478
-9.000399,14,61.313175
-0.269959,4,61.322178
-12.305898,14,61.349145
0.99143,1,61.352143
-2.16686,5,61.363177
-11.918017,14,61.389189
-5.178182,8,61.406353
-0.089003,3,61.417408
-4.212255,9,61.489512
-10.980909,14,61.517074
-8.737405,14,61.545074
-4.884259,11,61.569081
0.377938,2,61.574067
-3.849725,7,61.589131
-6.730787,13,61.614687
0.005286,2,61.619675
0.918271,1,61.62368
-8.176553,14,61.649721
-9.213052,14,61.728405
-13.915387,14,61.757437
-10.070942,14,61.785482
-6.431078,14,61.813097
0.858327,1,61.816097
-8.692031,14,61.846097
-12.509307,14,61.873128
-7.802832,14,61.901265
-3.818405,8,61.920264
-6.831947,13,61.946271
-13.074711,14,62.021961
-0.947728,4,62.030968
-6.902964,14,62.057957
-10.05686,14,62.086006
-7.850632,14,62.113575
-5.468566,11,62.134565
-8.825915,14,62.161617
0.9401,1,62.165581
-12.923826,14,62.194674
-12.518082,14,62.221321
-5.458651,12,62.292382
-11.369722,14,62.320019
0.850915,1,62.323054
0.165956,2,62.329014
0.541226,2,62.333027
-11.684198,14,62.362014
-10.246902,14,62.391088
-5.541161,11,62.414377
0.853687,1,62.417388
-1.779592,6,62.4304
0.826376,1,62.480422
-1.829469,5,62.493468
-2.849458,8,62.511755
-9.826739,14,62.539752
0.86147,1,62.542746
-3.522031,6,62.555747
-0.893597,4,62.565747
-10.513681,14,62.593795
-4.51158,7,62.610409
-13.184137,14,62.637412
-1.388387,4,62.692481
-0.90702,4,62.703094
-1.673223,6,62.716094
-11.038028,14,62.746122
-1.171406,4,62.755122
0.596897,2,62.760094
-3.281476,7,62.775083
-1.916915,4,62.785142
-1.56973,4,62.794155
-2.815008,8,62.810385
-6.255834,9,62.879365
0.431403,2,62.884445
-12.37587,14,62.915122
-0.44998,4,62.925086
-0.526266,4,62.934119
-10.831121,14,62.962086
0.025603,2,62.967086
-10.580219,14,62.994162
-10.484508,14,63.022775
-13.23666,14,63.050782
0.820818,1,63.096886
-9.447344,14,63.128487
0.031245,4,63.138464
0.973373,1,63.142509
-11.646849,14,63.170492
-11.825301,14,63.199123
-5.256946,9,63.21712
-11.537598,14,63.244124
0.846118,1,63.248131
0.94723,1,63.252164
-13.636716,14,63.3258
-3.414532,12,63.3498
-0.750556,4,63.358798
0.672255,2,63.363842
-0.822795,3,63.37482
-3.839176,11,63.396878
-11.161091,14,63.4265
-3.17095,8,63.443501
0.906208,1,63.446491
-11.855703,14,63.474494
-1.225624,4,63.529701
-11.195839,14,63.559716
-8.505196,14,63.586766
-11.730034,14,63.615884
-4.314849,7,63.630854
-11.459869,14,63.66086
-10.259294,14,63.689915
-12.893564,14,63.719048
-5.699465,14,63.747087
-3.616731,9,63.766046
-10.837141,14,63.843828
0.934636,1,63.846819
-3.003914,8,63.862792
0.936191,1,63.86679
-1.77034,5,63.87679
-10.992417,14,63.906462
-12.567073,14,63.937455
-13.745516,14,63.964476
-13.846936,14,63.992504
-1.641024,5,64.002646
-0.891426,3,64.061649
-4.413815,10,64.086712
0.679555,2,64.091712
-2.880115,6,64.104865
-10.290426,14,64.132875
-11.866307,14,64.161872
-1.497271,4,64.170861
-11.848889,14,64.198935
-13.288213,14,64.229604
-5.12449,9,64.24659
-5.355862,13,64.320267
-10.078643,14,64.349272
0.864572,1,64.354271
-10.648134,14,64.381265
-6.546123,14,64.411627
0.844434,1,64.417653
-13.043813,14,64.445631
-5.254954,10,64.465665
-2.601923,8,64.482648
-10.293687,14,64.509823
-6.950562,14,64.586894
-7.980636,14,64.616555
-12.075923,14,64.64454
-1.388432,4,64.653543
0.396176,2,64.659529
-9.279055,14,64.688573
-6.270978,11,64.711229
-0.117046,2,64.716215
-4.878599,8,64.736226
0.191324,2,64.741215
-7.957899,14,64.816892
-8.802171,14,64.844899
-13.118163,14,64.873892
-0.817713,5,64.883891
-10.351603,14,64.91761
-11.364511,14,64.946604
-4.781787,7,64.961604
-9.980856,14,64.98871
-2.098998,5,64.999694
-12.218719,14,65.028875
-9.104171,14,65.105133
-3.017484,8,65.123147
-10.819661,14,65.151128
-2.718179,9,65.17012
-8.623569,11,65.193193
0.997473,1,65.196208
0.988827,1,65.200198
-4.441753,11,65.222383
-0.094257,2,65.228377
0.634783,2,65.233381
-7.635298,14,65.3096
-11.296923,14,65.337618
-7.591303,14,65.364594
-12.524584,14,65.391695
-3.497769,8,65.409848
-9.304419,14,65.437855
-1.686359,5,65.448859
-2.087801,5,65.460849
-11.145664,14,65.487885
-0.091659,2,65.492971
-8.929139,14,65.56147
-8.515213,14,65.58959
-12.294947,14,65.617222
-7.823586,14,65.645225
-10.486133,14,65.673214
-8.071632,14,65.703284
-6.706,10,65.723395
-10.52711,14,65.75338
-8.411004,12,65.778384
0.032769,2,65.78438
0.318306,2,65.835088
-4.897672,9,65.856098
-0.72839,3,65.864097
0.970416,1,65.867125
-13.290895,14,65.895174
-6.569359,10,65.917834
-13.560565,14,65.94683
-11.055999,14,65.974826
-7.600381,14,66.002906
-1.679225,5,66.01456
-0.063579,3,66.060593
-9.254745,14,66.093639
-1.43187,4,66.104214
-5.012253,9,66.121258
-10.329897,14,66.150267
-10.075221,14,66.17926
0.943411,1,66.183271
-0.062272,3,66.191306
0.873971,1,66.194324
-7.759285,14,66.222543
-2.124334,5,66.286543
-7.751912,14,66.315836
-0.878825,3,66.323796
-2.634717,6,66.336792
0.810823,1,66.339801
-10.719445,14,66.368788
-6.777211,14,66.397877
0.140916,2,66.403835
-1.688117,4,66.413456
-13.185956,14,66.440467
-0.283362,3,66.497534
-4.81698,11,66.523145
0.078414,2,66.52816
-12.575354,14,66.557161
-8.872469,14,66.585138
-1.115149,5,66.596188
-12.373606,14,66.623484
0.895023,1,66.626485
-0.705592,4,66.635508
-13.944623,14,66.663487
-0.077513,2,66.709852
-7.908921,11,66.732877
-8.572583,14,66.759845
-1.564367,4,66.768843
-7.204921,12,66.791882
-0.013151,2,66.797888
-6.455632,14,66.827059
-11.143926,14,66.857017
0.200107,2,66.86302
-2.473743,5,66.87402
-10.354629,14,66.956702
-11.809385,14,66.985709
0.04973,2,66.990714
-5.49764,12,67.016396
-2.492032,6,67.028375
-11.498913,14,67.055393
-2.361351,7,67.071367
-2.564548,7,67.086387
-11.326831,14,67.117782
-11.937906,14,67.148794
-2.251688,5,67.202895
-1.455874,4,67.213476
-5.726917,13,67.241498
-2.102075,6,67.255486
-6.838612,13,67.283483
-1.141906,5,67.298627
-9.253725,12,67.324806
-3.280031,7,67.340776
-4.078021,9,67.360776
-6.216793,11,67.387776
-3.143597,6,67.450502
-12.829196,14,67.484502
0.898237,1,67.488508
-8.168157,14,67.531202
-5.524887,12,67.562205
-8.926257,14,67.598308
-2.46647,6,67.614438
-3.299315,7,67.632396
0.145722,2,67.640407
-0.582706,3,67.648396
0.941959,1,67.709591
0.386734,2,67.715606
-9.86417,14,67.749597
-11.555751,14,67.785571
-8.203985,14,67.822262
-10.83092,14,67.865297
-12.251689,14,67.900337
-11.546617,14,67.93295
0.194636,3,67.941928
-10.893102,14,67.974926
-13.50652,14,68.054743
-0.815709,3,68.063712
-0.258286,3,68.072705
-0.342252,3,68.081718
-6.333623,14,68.115436
0.131349,2,68.121451
-2.087332,6,68.136437
0.869208,1,68.140429
-11.68964,14,68.17444
-10.156091,14,68.207481
0.834762,1,68.251642
-11.9295,14,68.28562
-9.93028,14,68.317806
-3.688568,6,68.330791
-9.637894,14,68.35879
-10.935186,14,68.387789
-6.94595,11,68.412016
0.893135,1,68.416001
-9.800089,14,68.445002
-8.430182,14,68.477012
-8.756648,14,68.565743
-13.699071,14,68.600837
-8.662693,14,68.634446
-12.664187,14,68.668419
-0.452083,3,68.677435
-5.514272,11,68.703468
-8.510229,14,68.735684
-11.578987,14,68.766664
-11.128332,14,68.800761
-7.56179,14,68.833398
-8.807152,14,68.919137
-12.584003,14,68.95411
-11.94623,14,68.988134
-7.808132,10,69.011548
-8.931726,14,69.04455
-6.463443,14,69.076547
0.992815,1,69.080547
-7.450135,14,69.114242
-5.295352,11,69.139232
-9.540224,14,69.172239
-6.902457,14,69.252957
0.049005,2,69.258946
-11.37319,14,69.289953
-2.168441,5,69.301033
-0.779025,5,69.314674
-13.220294,14,69.344699
-2.627199,6,69.359681
-7.890175,14,69.393702
0.330056,2,69.400781
-6.092426,9,69.424263
-7.736185,14,69.506333
-2.665693,7,69.521996
-2.589993,8,69.540998
0.149048,3,69.549
-11.404609,14,69.580031
-2.637777,7,69.599049
-9.855806,14,69.62969
-9.744261,14,69.660681
-0.514777,3,69.668684
-6.214247,10,69.690682
0.685273,2,69.744366
-8.385101,11,69.771381
-1.892291,6,69.785366
-13.01146,14,69.815806
-2.922836,6,69.830822
-5.426808,10,69.853813
-4.758837,10,69.876849
-2.918678,6,69.890806
0.921053,1,69.893813
0.432806,2,69.899868
-0.614457,4,69.951517
-5.333726,11,69.980512
-9.355583,14,70.011558
0.85568,1,70.016681
-12.421537,14,70.045674
-13.244504,14,70.075706
-13.813167,14,70.103761
-0.501799,4,70.112931
-11.57652,14,70.140929
-6.467563,14,70.174926
-2.29143,5,70.240194
-5.053959,9,70.259178
-9.406855,14,70.288162
-7.551932,14,70.317483
0.869725,1,70.321483
-0.095138,3,70.32849
0.950436,1,70.331501
-8.819905,14,70.361483
-7.976156,14,70.39049
-3.453723,8,70.406534
-3.532375,7,70.472817
-1.312704,5,70.484806
-7.570199,14,70.513569
-8.665018,14,70.541558
-8.444523,14,70.570557
-1.904229,7,70.584561
-13.064156,14,70.61483
-1.416742,4,70.623841
0.95379,1,70.627848
-4.25991,10,70.649842
-8.107516,14,70.727512
-9.123168,14,70.755506
0.878587,1,70.758547
-7.406693,14,70.785508
0.982712,1,70.789512
-0.036062,3,70.797517
-9.017187,14,70.830193
-2.25282,8,70.848196
0.018712,2,70.854193
-8.067783,14,70.88723
-12.425411,14,70.959897
0.243643,2,70.9659
-0.073954,3,70.973894
-7.464469,14,71.003954
-10.081177,14,71.035585
-1.285601,5,71.047554
0.285266,2,71.053555
-12.679072,14,71.083567
-10.223396,14,71.114739
-0.007551,2,71.120739
-0.420964,3,71.171744
-2.23314,7,71.190743
0.854888,1,71.194755
-12.145139,14,71.224982
-10.909747,14,71.257014
-11.842792,14,71.289013
-2.706243,5,71.301085
-2.260076,5,71.312117
-9.698778,12,71.341288
-12.08556,14,71.372281
-0.632653,5,71.428263
-8.949885,14,71.462249
0.942537,1,71.46525
0.923825,1,71.469265
-0.464035,4,71.47728
-2.146431,6,71.493251
0.867998,1,71.496251
-6.73415,13,71.527255
-5.750653,10,71.554176
0.876893,1,71.559175
-3.018962,6,71.615921
-5.095391,10,71.643906
-9.796527,14,71.678905
-8.575534,14,71.713991
-11.119529,14,71.750677
-13.371238,14,71.787666
0.964039,1,71.792676
-0.335264,3,71.803797
-1.217391,5,71.819433
-13.480683,14,71.856429
-1.567496,4,71.91925
-11.8585,14,71.955271
-12.17111,14,71.988231
-7.017729,14,72.023102
-9.032718,12,72.053073
-9.706295,14,72.08706
-12.938295,14,72.12101
0.070191,2,72.128937
-8.940138,14,72.160011
-8.229741,14,72.197942
-7.147786,14,72.280613
-7.776878,10,72.30877
-12.728737,14,72.347414
-6.038073,14,72.392523
-5.4924,13,72.422649
-1.490443,6,72.436656
-0.841852,4,72.448657
-3.580894,10,72.476636
-4.407724,10,72.49766
0.906382,1,72.501628
-0.401299,3,72.551409
-0.222094,3,72.560376
0.402122,2,72.567389
-11.060507,14,72.597451
-12.968468,14,72.627126
-0.058511,2,72.632113
-0.937954,5,72.644139
0.822949,1,72.648144
0.130013,3,72.655156
-9.604087,14,72.689112
0.851448,1,72.735828
-7.969445,14,72.773825
-13.314764,14,72.804938
0.561909,2,72.810934
-2.691577,8,72.832696
-6.211475,14,72.863717
-11.048285,14,72.897693
-3.115738,11,72.92255
-13.506155,14,72.954562
-6.226383,11,72.984569
-10.465071,14,73.065218
-0.569871,4,73.074247
-9.374528,14,73.104318
-2.588426,5,73.117318
-4.034433,9,73.138966
-8.380009,14,73.17905
-8.103946,14,73.211058
-3.897047,9,73.239686
-7.12177,9,73.259754
-1.347012,6,73.275687
-10.501202,14,73.347385
-13.849165,14,73.377397
-8.181034,14,73.407445
-1.606161,4,73.416435
-8.103135,14,73.445114
-10.777341,14,73.475103
-6.483108,10,73.496104
-0.25624,3,73.504097
-13.120492,14,73.539986
-6.553883,10,73.560957
-12.115068,14,73.637678
-1.528015,4,73.646692
-0.366621,3,73.654709
-1.010921,3,73.661679
-13.88166,14,73.695694
-7.671167,14,73.728487
-12.355313,14,73.75957
-3.329225,7,73.775545
-0.67678,3,73.784467
-2.526425,7,73.799482
0.886618,1,75.262167
-12.316455,14,75.288254
-7.929168,14,75.31522
-5.645038,10,75.334915
-2.154464,5,75.345915
0.8823,1,75.348915
-6.933315,11,75.369019
-8.679434,14,75.406982
-12.074839,14,75.451961
-11.896866,14,75.476957
-2.983995,9,76.876666
-7.02149,9,76.901667
-3.181765,7,76.919738
-11.561629,14,76.954452
-0.143391,3,76.963454
-0.236349,3,76.971418
-4.920577,8,76.992449
-3.494603,10,77.024586
-0.633486,6,77.039263
-1.473056,7,77.061283
-9.817647,14,78.587262
-10.906345,14,78.620298
-12.695492,14,78.654006
-9.902907,14,78.696022
-9.214443,14,78.725247
0.812598,1,78.730221
-8.748344,14,78.769991
-9.535009,14,78.805069
-1.314921,7,78.821055
-11.828428,14,78.861687
-4.396817,8,80.256685
-8.396568,14,80.289684
-10.020295,14,80.323821
-1.27216,5,80.336405
-2.882097,7,80.35349
-9.19038,14,80.383493
0.903816,1,80.387523
-12.779053,14,80.417509
-8.097549,14,80.452282
-2.956669,6,80.471297
-6.632461,14,81.973998
0.910227,1,81.978008
-3.36057,6,81.993996
-9.045395,14,82.029074
0.815919,1,82.034087
-1.158009,4,82.043796
-8.44505,14,82.073816
-9.373893,14,82.103796
-0.124386,3,82.111795
-0.574878,3,82.118796
-9.044459,14,83.400147
0.974987,1,83.404149
-8.694495,14,83.433222
-10.182217,14,83.466897
-10.257479,14,83.49388
-6.632271,14,83.528884
-9.815785,14,83.55964
-0.257801,3,83.566688
-4.236775,10,83.589734
-0.742091,3,83.596665
-1.215103,4,84.851872
-7.372714,13,84.879834
-4.713508,11,84.90584
0.999619,1,84.90885
-7.455263,14,84.934922
-9.313855,14,84.967334
-10.732842,14,84.995336
-9.351971,14,85.026348
-9.068203,14,85.057146
0.731123,2,85.064144
-1.150987,4,86.325761
-2.215643,5,86.335772
0.902918,1,86.337864
0.98792,1,86.340856
-2.506476,7,86.358611
-2.197571,8,86.375612
0.898243,1,86.378614
0.002899,5,86.391545
-6.778832,12,86.414572
-11.481701,14,86.442607
-3.88902,10,87.779464
-9.499352,14,87.808475
-8.891246,14,87.834467
-3.683703,8,87.853558
-1.384294,4,87.863222
-0.173966,3,87.871217
-0.422714,3,87.878222
-9.332094,14,87.906233
-1.217099,5,87.917221
-10.738502,14,87.948322
-2.045894,5,89.272477
-2.841714,5,89.282479
-2.537649,6,89.294453
-3.435539,9,89.312467
-8.885954,14,89.342486
-9.389843,14,89.368225
-1.590252,4,89.378239
-10.273454,14,89.416217
-6.059976,13,89.442221
-10.002715,14,89.469945
-9.838526,14,90.769423
-10.169756,14,90.796435
-6.993344,14,90.821421
-10.565213,14,90.847476
-11.573279,14,90.872608
-4.454115,9,90.890601
-12.487065,14,90.916596
-1.71635,6,90.92759
-4.5502,8,90.942603
-8.010518,14,90.968887
-1.167395,4,92.073574
-13.514875,14,92.098548
-3.48166,8,92.113562
-3.628718,7,92.127552
0.810209,1,92.130552
-11.708468,14,92.155666
-5.92275,10,92.174717
-11.306167,14,92.200717
-11.77158,14,92.225719
-1.189476,6,92.237726
-10.480245,14,93.374684
-5.268929,9,93.392691
0.882548,1,93.395686
-4.421717,10,93.413689
-3.63613,7,93.42668
0.97526,1,93.429689
-11.290141,14,93.453759
-8.1445,14,93.479337
-10.574415,14,93.503343
-1.204549,6,93.515332
-4.485737,8,94.629501
-13.43482,14,94.655534
-8.085295,14,94.68114
-3.746384,9,94.697142
-7.113849,11,94.71815
-0.179414,3,94.727181
-8.342895,14,94.751146
-12.307397,14,94.776376
-4.328488,9,94.792334
-5.124064,11,94.812338
0.213289,4,95.925073
-11.621859,14,95.949041
-9.205077,14,95.975276
0.892871,1,95.978272
-10.36649,14,96.004265
-4.708116,10,96.02226
0.953463,1,96.027294
-0.805955,6,96.038267
-12.886554,14,96.065315
-8.203319,13,96.088489
-4.31747,9,97.404639
-8.81334,14,97.433641
0.856301,1,97.436638
-9.155515,14,97.463843
-2.442872,5,97.478693
-10.267981,14,97.504709
0.507076,2,97.509697
-11.29113,14,97.53573
0.825481,1,97.538695
-9.72331,14,97.564853
-0.696608,4,98.743084
-9.069679,14,98.769116
-9.344452,14,98.794254
-8.319917,14,98.819228
0.856577,1,98.822223
-9.478937,14,98.849252
-0.092185,2,98.853251
-3.12448,6,98.865274
0.994451,1,98.868276
-0.807934,3,98.874274
-8.398815,14,100.179421
-0.006999,2,100.184407
-4.040209,7,100.198398
-1.701603,4,100.206429
-1.57685,5,100.216422
-5.908848,11,100.236403
0.449684,2,100.241403
-0.96201,4,100.249409
0.953266,1,100.252418
-13.622194,14,100.278669
-13.280515,14,101.404772
0.475902,2,101.40977
-9.084024,14,101.434776
-1.245996,4,101.442769
-1.520984,4,101.450776
-11.461811,14,101.475813
0.931415,1,101.47882
-8.381799,13,101.501419
-9.383124,14,101.526409
-7.93327,14,101.552421
-10.761961,14,102.660889
-1.014691,3,102.666936
-7.961766,14,102.692611
-1.359446,5,102.703577
-6.079787,11,102.724631
-7.448017,14,102.751588
-3.699305,8,102.767693
0.847031,1,102.770675
-3.467127,6,102.781709
0.462834,2,102.786817
0.097275,2,103.894922
-10.308011,14,103.91995
-12.030474,14,103.945938
-10.433648,14,103.970962
-1.620578,4,103.97896
-2.04756,6,103.989571
-8.842179,12,104.011563
-7.56941,12,104.033581
-4.671779,12,104.055598
-3.909716,7,104.068583
0.028013,3,105.170418
-0.328186,3,105.177501
-3.61823,11,105.197151
0.866999,1,105.200125
-2.281908,6,105.211124
0.437828,2,105.216154
-8.334531,13,105.24213
-3.79883,11,105.262129
-5.59541,13,105.287251
-2.73306,6,105.297887
-8.347774,14,106.434482
-3.3627,8,106.45048
-11.064647,14,106.475519
0.167108,3,106.481506
-1.204853,4,106.490896
-0.769085,6,106.501853
-8.983747,14,106.52687
-3.102556,11,106.546857
-13.038309,14,106.571877
-11.844223,14,106.596556
-11.354428,14,107.722257
0.944267,1,107.725248
-5.565627,12,107.747257
0.084324,2,107.752256
-1.21518,6,107.763275
0.833744,1,107.766257
0.939905,1,107.769257
-0.957834,3,107.775247
-0.80211,4,107.784307
-3.770131,9,107.801641
-0.65506,3,108.8935
-6.635209,14,108.919583
-10.87815,14,108.943583
-10.161814,14,108.968586
-7.024076,13,108.992665
-11.797974,14,109.017934
0.893544,1,109.020937
-9.448828,14,109.044932
-2.154062,6,109.056934
-1.317413,4,109.063941
-1.442506,4,110.151234
0.993978,1,110.153242
-1.553563,7,110.166236
-5.21804,9,110.182289
0.918014,1,110.185289
-0.95551,5,110.195282
0.950579,1,110.19794
0.049347,2,110.20294
-1.029301,4,110.210933
-2.958576,6,110.223929
0.414097,2,111.310804
-8.849569,13,111.33584
-1.019611,4,111.343792
-11.060322,14,111.368797
-10.647081,14,111.395872
-8.567547,14,111.420976
-8.979367,14,111.445976
-4.389593,9,111.464972
-7.859821,14,111.490013
-2.409203,8,111.504145
-2.234175,5,112.594925
-11.437329,14,112.620029
-10.680272,14,112.645029
-12.798629,14,112.670064
-10.385502,14,112.695073
-0.185393,3,112.701073
-10.70767,14,112.726195
0.960793,1,112.729212
-8.309098,14,112.755207
-12.148572,14,112.781198
0.045383,2,113.929617
-13.341491,14,113.955665
-2.632299,7,113.968626
-3.53067,8,113.983628
-1.007883,5,113.992698
-7.783406,12,114.014885
-12.931516,14,114.039841
-10.265682,14,114.065847
-11.760463,14,114.090875
-12.394865,14,114.116003
-1.095116,4,115.240534
-0.390163,3,115.246524
-10.947167,14,115.271558
-2.395797,6,115.283558
-0.003252,3,115.289562
0.07418,3,115.295624
0.868655,1,115.298646
-4.886812,8,115.312772
-0.013261,2,115.317816
-11.038925,14,115.343779
-8.089783,14,116.462316
0.614877,2,116.467325
-10.174628,14,116.492322
-7.646572,12,116.512923
-0.082243,3,116.519922
-9.706553,14,116.547932
-10.900746,14,116.573925
-5.001256,7,116.587922
-0.855397,3,116.593966
-7.275735,14,116.62009
0.858972,1,117.72403
-10.679196,14,117.749027
-1.338792,4,117.75703
-9.581922,14,117.783036
-3.985794,9,117.799076
-4.109585,12,117.820651
-12.835522,14,117.845642
0.256913,2,117.849644
-3.069962,5,117.859642
0.224595,3,117.866654
-11.318442,14,118.995023
-1.996262,6,119.007068
-9.413861,14,119.03125
0.631532,2,119.036229
-7.708437,14,119.061225
-8.722092,14,119.08722
-11.731307,14,119.112275
-0.300142,3,119.119469
-9.660835,14,119.14443
0.904186,1,119.14747
-8.781696,14,120.267884
-9.587854,14,120.292893
-11.210919,14,120.31812
-1.340189,6,120.329137
-0.135527,2,120.334112
-12.5459,14,120.359119
0.09627,3,120.365119
0.498581,2,120.370115
-6.679338,14,120.396117
-10.42107,14,120.424267
-2.041973,6,121.551485
-1.484431,5,121.560485
-9.939491,14,121.586483
0.900305,1,121.588497
-1.209517,4,121.596482
-13.155786,14,121.621669
-12.424967,14,121.646673
0.940131,1,121.649676
0.887537,1,121.652693
0.20104,2,121.657669
-12.878997,14,122.801558
-0.512226,4,122.809605
-0.536428,3,122.815592
-3.373679,8,122.830735
-10.840497,14,122.858687
-9.223159,14,122.883689
-13.23281,14,122.912724
-1.048965,5,122.92182
-11.488082,14,122.947815
-7.08038,14,122.973826
-2.17071,7,124.094683
-7.442593,14,124.120716
-11.325557,14,124.146302
-2.683542,9,124.1623
-9.25268,14,124.188308
0.819655,1,124.190306
-11.170597,14,124.215338
-13.812533,14,124.239929
-4.7549,11,124.259931
-8.627218,14,124.285933
-7.59407,14,125.421954
-8.526136,14,125.447584
-0.852092,4,125.455586
-5.547783,13,125.4796
-9.505598,14,125.508581
-0.45165,4,125.516637
0.070854,2,125.521637
0.98448,1,125.524625
-11.612403,14,125.549262
-12.370946,14,125.57426
0.90999,1,126.68734
0.593428,2,126.692335
-5.848586,13,126.716476
0.845801,1,126.719458
-0.591223,5,126.729321
-12.93711,14,126.755361
-3.311495,12,126.777323
-13.694069,14,126.803328
-12.30622,14,126.83128
0.090019,3,126.837278
-0.831529,4,128.003885
-4.2872,9,128.021082
-2.12129,7,128.034867
-6.554054,12,128.05785
0.226978,3,128.063852
0.055807,2,128.068851
-9.69128,12,128.093869
-0.159416,4,128.101849
-12.697035,14,128.126929
0.119171,3,128.133788
0.904318,1,129.261711
-10.36923,14,129.287714
-11.86423,14,129.314694
-4.704882,8,129.328759
-11.973665,14,129.355879
-8.919482,14,129.380886
-0.007637,2,129.38488
-13.849892,14,129.411904
0.823047,1,129.414879
-4.235814,8,129.429957
-7.615357,14,130.599379
-3.713976,7,130.612395
-0.862165,3,130.619443
-0.14316,2,130.62348
-4.356022,9,130.640629
-9.385331,14,130.665584
-9.603819,14,130.690596
-7.682608,14,130.715593
0.837701,1,130.718591
-3.244525,7,130.732641
-4.421808,8,131.852729
-8.108066,14,131.879708
-13.909979,14,131.910715
-3.711133,9,131.927805
-10.279916,14,131.952914
-11.541331,14,131.978922
-10.198648,14,132.004921
-0.797089,5,132.013921
-3.149706,8,132.027995
0.388996,2,132.033045
-2.840624,9,133.172499
-0.836091,3,133.179468
-0.344427,3,133.185492
0.960478,1,133.188485
-3.954413,9,133.205496
-11.97902,14,133.230636
-11.005163,14,133.25651
-12.376566,14,133.282513
-0.784167,5,133.29251
-11.746929,14,133.320527
-9.345263,14,134.451859
-12.018465,14,134.477834
0.848079,1,134.480841
-0.443846,4,134.488836
-12.940285,14,134.516852
-12.116105,14,134.54687
-0.581007,4,134.554875
-10.178454,14,134.583873
-12.512633,14,134.613877
-2.087895,6,134.626016
-10.877082,14,135.903958
-10.179235,14,135.936002
-11.28962,14,135.967641
-11.958558,14,135.99764
-0.164179,3,136.006778
-1.285796,4,136.017646
0.041407,2,136.025661
0.411382,2,136.031739
0.252301,2,136.036731
-13.840556,14,136.068876
-3.067404,9,137.342985
-11.334311,14,137.37015
-13.019654,14,137.396144
-12.135518,14,137.424133
-8.326224,14,137.450578
-11.432968,14,137.475589
-2.764026,7,137.488611
-8.154604,14,137.513579
-10.029912,14,137.537654
0.837899,1,137.540642
0.019312,3,138.785579
0.884508,1,138.789568
-9.802801,14,138.818586
-1.60475,5,138.830567
0.56012,2,138.835656
0.185353,3,138.842616
-3.140372,8,138.858273
-3.209717,9,138.876259
-10.335819,14,138.904294
0.359283,2,138.909265
0.813177,1,140.084787
-9.479057,14,140.111795
-12.339229,14,140.139901
-6.251096,14,140.1673
0.878272,1,140.170299
-4.097026,9,140.1873
-2.942323,9,140.20531
-0.092957,4,140.214314
-11.107275,14,140.240388
-11.496194,14,140.267039
-9.466455,14,141.496329
-6.4975,14,141.524329
-4.15646,7,141.54041
-0.109784,3,141.549403
-11.716476,14,141.577996
-7.021427,14,141.605996
-12.776755,14,141.635995
-12.550446,14,141.666684
-8.544183,14,141.694712
-7.862757,14,141.727717
0.958701,1,143.042512
-9.286675,14,143.071646
-1.062464,3,143.078646
-12.84267,14,143.108651
0.048929,3,143.117649
-7.042235,11,143.142747
0.900939,1,143.146728
0.648984,2,143.152728
-11.786339,14,143.181454
-4.748704,7,143.196444
-8.759637,14,144.783762
0.318196,2,144.790761
-11.919312,14,144.827838
-12.294072,14,144.864131
-12.158272,14,144.894138
-12.696891,14,144.927102
-8.615213,14,144.95817
-13.633965,14,144.987835
-13.82399,14,145.018049
-12.113001,14,145.048095
0.529809,2,146.39016
-9.854278,14,146.42217
0.917308,1,146.426175
-10.8236,14,146.464474
-2.78578,6,146.484493
-1.448595,4,146.497477
-1.479386,6,146.512508
0.905718,1,146.516489
-10.769925,14,146.548793
-3.313766,9,146.565531
0.953662,1,147.876191
-12.636034,14,147.906199
-7.828604,14,147.934201
-13.601284,14,147.96553
-9.117459,14,147.994511
-12.743813,14,148.022504
-4.642257,10,148.04651
-1.575842,6,148.060575
-0.661293,4,148.069714
-13.817905,14,148.098722
